pair_index,frame1,frame2,num_matches,num_inliers,inlier_ratio
0,1305031452.791720.png,1305031452.823674.png,2310,1814,0.7852813852813852
1,1305031452.823674.png,1305031452.859642.png,2462,1967,0.7989439480097482
2,1305031452.859642.png,1305031452.891726.png,2297,1899,0.826730518067044
3,1305031452.891726.png,1305031452.923715.png,3232,2763,0.8548886138613861
4,1305031452.923715.png,1305031452.959701.png,4316,3881,0.8992122335495829
5,1305031452.959701.png,1305031452.991647.png,2894,2422,0.8369039391845197
6,1305031452.991647.png,1305031453.023650.png,1970,1568,0.7959390862944162
7,1305031453.023650.png,1305031453.059754.png,3567,3164,0.8870199046818055
8,1305031453.059754.png,1305031453.091704.png,2875,2524,0.8779130434782608
9,1305031453.091704.png,1305031453.123633.png,2548,2122,0.8328100470957613
10,1305031453.123633.png,1305031453.159673.png,3618,3195,0.8830845771144279
11,1305031453.159673.png,1305031453.191726.png,3570,3188,0.8929971988795519
12,1305031453.191726.png,1305031453.223689.png,3003,2623,0.8734598734598734
13,1305031453.223689.png,1305031453.259670.png,2542,2217,0.8721479150275374
14,1305031453.259670.png,1305031453.291696.png,1109,833,0.7511271415689811
15,1305031453.291696.png,1305031453.323682.png,2401,2031,0.8458975426905456
16,1305031453.323682.png,1305031453.359684.png,1530,1235,0.8071895424836601
17,1305031453.359684.png,1305031453.391690.png,3324,2973,0.894404332129964
18,1305031453.391690.png,1305031453.423683.png,3698,3264,0.8826392644672796
19,1305031453.423683.png,1305031453.459685.png,3813,3274,0.8586414896407029
20,1305031453.459685.png,1305031453.491698.png,3721,3145,0.8452029024455792
21,1305031453.491698.png,1305031453.523684.png,3513,3054,0.8693424423569599
22,1305031453.523684.png,1305031453.559753.png,4349,4013,0.9227408599678087
23,1305031453.559753.png,1305031453.591640.png,4591,4117,0.896754519712481
24,1305031453.591640.png,1305031453.627706.png,2951,2468,0.8363266689257879
25,1305031453.627706.png,1305031453.659600.png,3081,2727,0.8851022395326192
26,1305031453.659600.png,1305031453.691678.png,3322,2923,0.8798916315472607
27,1305031453.691678.png,1305031453.727652.png,3416,2822,0.8261124121779859
28,1305031453.727652.png,1305031453.759694.png,2277,1822,0.8001756697408872
29,1305031453.759694.png,1305031453.791716.png,2564,2082,0.8120124804992199
30,1305031453.791716.png,1305031453.827773.png,3008,2505,0.832779255319149
31,1305031453.827773.png,1305031453.859705.png,1793,1521,0.8482989403234802
32,1305031453.859705.png,1305031453.891710.png,1845,1487,0.8059620596205962
33,1305031453.891710.png,1305031453.927723.png,2341,2101,0.8974797095258437
34,1305031453.927723.png,1305031453.959641.png,1498,1146,0.7650200267022697
35,1305031453.959641.png,1305031453.991624.png,1924,1477,0.7676715176715176
36,1305031453.991624.png,1305031454.027662.png,2512,2088,0.8312101910828026
37,1305031454.027662.png,1305031454.059654.png,2253,1732,0.7687527740790058
38,1305031454.059654.png,1305031454.091651.png,1970,1509,0.7659898477157361
39,1305031454.091651.png,1305031454.127701.png,2008,1533,0.7634462151394422
40,1305031454.127701.png,1305031454.159672.png,1210,936,0.7735537190082644
41,1305031454.159672.png,1305031454.191658.png,1726,1517,0.8789107763615296
42,1305031454.191658.png,1305031454.227671.png,605,378,0.6247933884297521
43,1305031454.227671.png,1305031454.259627.png,932,636,0.6824034334763949
44,1305031454.259627.png,1305031454.291639.png,3070,2639,0.8596091205211727
45,1305031454.291639.png,1305031454.327699.png,839,544,0.6483909415971395
46,1305031454.327699.png,1305031454.359636.png,1656,1230,0.7427536231884058
47,1305031454.359636.png,1305031454.391677.png,2310,1968,0.8519480519480519
48,1305031454.391677.png,1305031454.427465.png,2671,2393,0.8959191314114564
49,1305031454.427465.png,1305031454.459913.png,1156,823,0.7119377162629758
50,1305031454.459913.png,1305031454.491617.png,3984,3675,0.9224397590361446
51,1305031454.491617.png,1305031454.527700.png,2984,2635,0.8830428954423593
52,1305031454.527700.png,1305031454.559575.png,2738,2253,0.822863403944485
53,1305031454.559575.png,1305031454.591635.png,2137,1690,0.7908282639213852
54,1305031454.591635.png,1305031454.627580.png,2271,1888,0.8313518273888155
55,1305031454.627580.png,1305031454.659528.png,2325,1987,0.8546236559139785
56,1305031454.659528.png,1305031454.691884.png,1624,1306,0.8041871921182266
57,1305031454.691884.png,1305031454.727659.png,1822,1474,0.8090010976948409
58,1305031454.727659.png,1305031454.759732.png,1973,1628,0.8251393816523062
59,1305031454.759732.png,1305031454.791641.png,4890,4598,0.9402862985685072
60,1305031454.791641.png,1305031454.827570.png,3236,2889,0.8927688504326329
61,1305031454.827570.png,1305031454.859620.png,4056,3645,0.8986686390532544
62,1305031454.859620.png,1305031454.891764.png,4658,4216,0.9051094890510949
63,1305031454.891764.png,1305031454.927567.png,4618,4089,0.8854482459939368
64,1305031454.927567.png,1305031454.959648.png,4619,4237,0.9172981164754276
65,1305031454.959648.png,1305031454.991937.png,3501,2970,0.8483290488431876
66,1305031454.991937.png,1305031455.027799.png,4713,4162,0.8830893273923192
67,1305031455.027799.png,1305031455.059636.png,4529,3939,0.869728416869066
68,1305031455.059636.png,1305031455.091700.png,5260,4613,0.8769961977186311
69,1305031455.091700.png,1305031455.127695.png,4954,4570,0.922486879289463
70,1305031455.127695.png,1305031455.159720.png,4572,4142,0.9059492563429571
71,1305031455.159720.png,1305031455.191655.png,4815,4242,0.8809968847352025
72,1305031455.191655.png,1305031455.227581.png,4960,4338,0.8745967741935484
73,1305031455.227581.png,1305031455.259631.png,2978,2399,0.8055742108797851
74,1305031455.259631.png,1305031455.291831.png,3290,2912,0.8851063829787233
75,1305031455.291831.png,1305031455.327766.png,3197,2862,0.8952142633719111
76,1305031455.327766.png,1305031455.359630.png,2080,1696,0.8153846153846154
77,1305031455.359630.png,1305031455.391665.png,2726,2240,0.8217168011738811
78,1305031455.391665.png,1305031455.427642.png,3306,2884,0.8723532970356926
79,1305031455.427642.png,1305031455.459589.png,3988,3705,0.929037111334002
80,1305031455.459589.png,1305031455.491637.png,4641,3966,0.8545572074983839
81,1305031455.491637.png,1305031455.527610.png,2511,2127,0.8470728793309439
82,1305031455.527610.png,1305031455.559669.png,3428,3109,0.9069428238039673
83,1305031455.559669.png,1305031455.591645.png,2129,1643,0.7717238139971818
84,1305031455.591645.png,1305031455.627617.png,2533,2066,0.8156336360047375
85,1305031455.627617.png,1305031455.659615.png,3676,3110,0.8460282916213275
86,1305031455.659615.png,1305031455.691605.png,3614,2922,0.8085224128389596
87,1305031455.691605.png,1305031455.727628.png,3845,3225,0.8387516254876463
88,1305031455.727628.png,1305031455.759683.png,4566,3807,0.8337713534822602
89,1305031455.759683.png,1305031455.791666.png,3573,3166,0.8860901203470473
90,1305031455.791666.png,1305031455.827590.png,3695,3292,0.8909336941813261
91,1305031455.827590.png,1305031455.859526.png,4914,4331,0.8813593813593814
92,1305031455.859526.png,1305031455.891657.png,4575,4198,0.9175956284153005
93,1305031455.891657.png,1305031455.927955.png,5061,4591,0.9071329776723968
94,1305031455.927955.png,1305031455.959716.png,4768,4134,0.8670302013422819
95,1305031455.959716.png,1305031455.991694.png,5075,4568,0.9000985221674876
96,1305031455.991694.png,1305031456.027770.png,2106,1736,0.8243114909781576
97,1305031456.027770.png,1305031456.059713.png,2946,2483,0.8428377460964019
98,1305031456.059713.png,1305031456.091707.png,3921,3554,0.90640142820709
99,1305031456.091707.png,1305031456.127645.png,5155,4792,0.9295829291949563
100,1305031456.127645.png,1305031456.159731.png,3158,2752,0.8714376187460418
101,1305031456.159731.png,1305031456.191658.png,3098,2660,0.8586184635248547
102,1305031456.191658.png,1305031456.227678.png,1743,1458,0.8364888123924269
103,1305031456.227678.png,1305031456.259614.png,3678,3310,0.8999456226209896
104,1305031456.259614.png,1305031456.291675.png,3396,3064,0.9022379269729093
105,1305031456.291675.png,1305031456.327718.png,4380,3906,0.8917808219178082
106,1305031456.327718.png,1305031456.359846.png,1358,1112,0.8188512518409425
107,1305031456.359846.png,1305031456.391619.png,1416,1128,0.7966101694915254
108,1305031456.391619.png,1305031456.427662.png,2110,1724,0.8170616113744076
109,1305031456.427662.png,1305031456.459610.png,2855,2407,0.8430823117338003
110,1305031456.459610.png,1305031456.491677.png,3721,3296,0.8857833915614082
111,1305031456.491677.png,1305031456.527641.png,4330,3935,0.9087759815242494
112,1305031456.527641.png,1305031456.559608.png,2965,2475,0.8347386172006745
113,1305031456.559608.png,1305031456.591651.png,2770,2317,0.8364620938628159
114,1305031456.591651.png,1305031456.627612.png,2207,1953,0.8849116447666515
115,1305031456.627612.png,1305031456.659665.png,1141,812,0.7116564417177914
116,1305031456.659665.png,1305031456.691612.png,3635,3130,0.8610729023383769
117,1305031456.691612.png,1305031456.727693.png,2214,1878,0.8482384823848238
118,1305031456.727693.png,1305031456.759615.png,616,384,0.6233766233766234
119,1305031456.759615.png,1305031456.791649.png,2848,2449,0.8599016853932584
120,1305031456.791649.png,1305031456.827603.png,1345,996,0.7405204460966542
121,1305031456.827603.png,1305031456.859634.png,3569,3173,0.8890445502942
122,1305031456.859634.png,1305031456.891672.png,3734,3374,0.903588644884842
123,1305031456.891672.png,1305031456.927690.png,4395,3953,0.8994311717861206
124,1305031456.927690.png,1305031456.959667.png,2419,1926,0.7961967755270773
125,1305031456.959667.png,1305031456.991709.png,2864,2374,0.8289106145251397
126,1305031456.991709.png,1305031457.027648.png,4696,4170,0.8879897785349233
127,1305031457.027648.png,1305031457.059621.png,2539,2056,0.8097676250492319
128,1305031457.059621.png,1305031457.091655.png,3256,2678,0.8224815724815725
129,1305031457.091655.png,1305031457.127632.png,4319,3817,0.883769391062746
130,1305031457.127632.png,1305031457.159693.png,5553,4977,0.8962722852512156
131,1305031457.159693.png,1305031457.191735.png,4603,4259,0.9252661307842711
132,1305031457.191735.png,1305031457.227543.png,4677,4340,0.9279452640581569
133,1305031457.227543.png,1305031457.259691.png,2655,2264,0.8527306967984934
134,1305031457.259691.png,1305031457.291656.png,3306,2932,0.8868723532970357
135,1305031457.291656.png,1305031457.327548.png,4082,3650,0.8941695247427731
136,1305031457.327548.png,1305031457.359712.png,4094,3679,0.8986321446018564
137,1305031457.359712.png,1305031457.391684.png,3692,3307,0.8957204767063922
138,1305031457.391684.png,1305031457.427641.png,3235,2743,0.8479134466769707
139,1305031457.427641.png,1305031457.459614.png,4924,4541,0.9222177091795288
140,1305031457.459614.png,1305031457.491705.png,4519,4015,0.888470900641735
141,1305031457.491705.png,1305031457.527638.png,4847,4465,0.9211883639364555
142,1305031457.527638.png,1305031457.559685.png,5186,4777,0.9211338218279984
143,1305031457.559685.png,1305031457.591678.png,4608,4134,0.8971354166666666
144,1305031457.591678.png,1305031457.627526.png,4481,3826,0.8538272706985048
145,1305031457.627526.png,1305031457.659632.png,3152,2769,0.878489847715736
146,1305031457.659632.png,1305031457.691570.png,4186,3805,0.9089823220258003
147,1305031457.691570.png,1305031457.727669.png,4055,3667,0.9043156596794082
148,1305031457.727669.png,1305031457.759556.png,3812,3598,0.9438614900314796
149,1305031457.759556.png,1305031457.791567.png,2275,1970,0.865934065934066
150,1305031457.791567.png,1305031457.827699.png,1644,1307,0.7950121654501217
151,1305031457.827699.png,1305031457.859623.png,3850,3330,0.8649350649350649
152,1305031457.859623.png,1305031457.891593.png,1279,917,0.7169663799843627
153,1305031457.891593.png,1305031457.927633.png,1640,1264,0.7707317073170732
154,1305031457.927633.png,1305031457.959632.png,3109,2599,0.8359601157928594
155,1305031457.959632.png,1305031457.991644.png,2956,2389,0.8081867388362652
156,1305031457.991644.png,1305031458.027845.png,3625,3151,0.8692413793103448
157,1305031458.027845.png,1305031458.059689.png,1738,1219,0.7013808975834293
158,1305031458.059689.png,1305031458.091690.png,4788,4086,0.8533834586466166
159,1305031458.091690.png,1305031458.127605.png,4493,3847,0.8562207878922768
160,1305031458.127605.png,1305031458.159638.png,4291,3608,0.8408296434397576
161,1305031458.159638.png,1305031458.191646.png,2723,2249,0.8259272860815278
162,1305031458.191646.png,1305031458.227611.png,2807,2398,0.8542928393302458
163,1305031458.227611.png,1305031458.259934.png,623,419,0.6725521669341894
164,1305031458.259934.png,1305031458.291664.png,1843,1461,0.7927292457948997
165,1305031458.291664.png,1305031458.327628.png,2100,1754,0.8352380952380952
166,1305031458.327628.png,1305031458.359590.png,937,711,0.7588046958377801
167,1305031458.359590.png,1305031458.391626.png,1633,1176,0.7201469687691365
168,1305031458.391626.png,1305031458.427598.png,2387,2017,0.8449937159614579
169,1305031458.427598.png,1305031458.459637.png,697,447,0.6413199426111909
170,1305031458.459637.png,1305031458.491696.png,1864,1474,0.7907725321888412
171,1305031458.491696.png,1305031458.527737.png,444,273,0.6148648648648649
172,1305031458.527737.png,1305031458.559628.png,3908,3320,0.849539406345957
173,1305031458.559628.png,1305031458.591641.png,1847,1401,0.758527341635084
174,1305031458.591641.png,1305031458.627659.png,1840,1454,0.7902173913043479
175,1305031458.627659.png,1305031458.659623.png,1033,712,0.6892545982575025
176,1305031458.659623.png,1305031458.691674.png,1948,1622,0.8326488706365504
177,1305031458.691674.png,1305031458.727650.png,379,218,0.575197889182058
178,1305031458.727650.png,1305031458.759945.png,1470,1193,0.8115646258503402
179,1305031458.759945.png,1305031458.791632.png,532,350,0.6578947368421053
180,1305031458.791632.png,1305031458.827564.png,1486,1194,0.8034993270524899
181,1305031458.827564.png,1305031458.859887.png,1470,1150,0.782312925170068
182,1305031458.859887.png,1305031458.891665.png,1924,1487,0.7728690228690228
183,1305031458.891665.png,1305031458.927621.png,1914,1465,0.7654127481713688
184,1305031458.927621.png,1305031458.959617.png,2656,2220,0.8358433734939759
185,1305031458.959617.png,1305031458.991647.png,866,604,0.6974595842956121
186,1305031458.991647.png,1305031459.027665.png,907,658,0.7254685777287762
187,1305031459.027665.png,1305031459.059631.png,1504,1208,0.8031914893617021
188,1305031459.059631.png,1305031459.091650.png,769,587,0.7633289986996099
189,1305031459.091650.png,1305031459.127618.png,708,472,0.6666666666666666
190,1305031459.127618.png,1305031459.159639.png,1089,863,0.7924701561065197
191,1305031459.159639.png,1305031459.191674.png,884,642,0.7262443438914027
192,1305031459.191674.png,1305031459.227607.png,1198,840,0.7011686143572621
193,1305031459.227607.png,1305031459.259760.png,1364,1125,0.8247800586510264
194,1305031459.259760.png,1305031459.291690.png,789,603,0.7642585551330798
195,1305031459.291690.png,1305031459.327632.png,951,700,0.7360672975814931
196,1305031459.327632.png,1305031459.359651.png,1082,779,0.7199630314232902
197,1305031459.359651.png,1305031459.391667.png,266,124,0.46616541353383456
198,1305031459.391667.png,1305031459.427646.png,288,142,0.4930555555555556
199,1305031459.427646.png,1305031459.459679.png,338,179,0.5295857988165681
200,1305031459.459679.png,1305031459.491555.png,140,67,0.4785714285714286
201,1305031459.491555.png,1305031459.527594.png,904,620,0.6858407079646017
202,1305031459.527594.png,1305031459.559647.png,512,356,0.6953125
203,1305031459.559647.png,1305031459.591695.png,1570,1161,0.7394904458598726
204,1305031459.591695.png,1305031459.627608.png,1624,1209,0.7444581280788177
205,1305031459.627608.png,1305031459.659641.png,2380,1862,0.7823529411764706
206,1305031459.659641.png,1305031459.691604.png,3386,2996,0.8848198464264619
207,1305031459.691604.png,1305031459.727551.png,1912,1506,0.7876569037656904
208,1305031459.727551.png,1305031459.759635.png,3581,3186,0.8896956157497906
209,1305031459.759635.png,1305031459.791650.png,3716,3283,0.8834768568353067
210,1305031459.791650.png,1305031459.827664.png,3890,3569,0.9174807197943444
211,1305031459.827664.png,1305031459.859660.png,2319,1878,0.8098318240620958
212,1305031459.859660.png,1305031459.891596.png,2857,2421,0.847392369618481
213,1305031459.891596.png,1305031459.927607.png,3376,2913,0.8628554502369669
214,1305031459.927607.png,1305031459.959650.png,3239,2713,0.8376041988267984
215,1305031459.959650.png,1305031459.991725.png,3920,3402,0.8678571428571429
216,1305031459.991725.png,1305031460.027565.png,3490,3066,0.8785100286532951
217,1305031460.027565.png,1305031460.059659.png,3803,3385,0.8900867735997896
218,1305031460.059659.png,1305031460.091717.png,2312,1969,0.851643598615917
219,1305031460.091717.png,1305031460.127690.png,2549,2137,0.8383679874460572
220,1305031460.127690.png,1305031460.159678.png,2036,1607,0.7892927308447937
221,1305031460.159678.png,1305031460.191559.png,2066,1685,0.8155856727976767
222,1305031460.191559.png,1305031460.227761.png,2723,2274,0.8351083363936834
223,1305031460.227761.png,1305031460.259667.png,3730,3298,0.8841823056300268
224,1305031460.259667.png,1305031460.291689.png,4849,4258,0.8781191998350175
225,1305031460.291689.png,1305031460.327512.png,4157,3639,0.8753909069040173
226,1305031460.327512.png,1305031460.359630.png,3213,2782,0.8658574540927482
227,1305031460.359630.png,1305031460.391611.png,4196,3831,0.9130123927550048
228,1305031460.391611.png,1305031460.427477.png,4361,3934,0.9020866773675762
229,1305031460.427477.png,1305031460.459620.png,2480,2132,0.8596774193548387
230,1305031460.459620.png,1305031460.491504.png,1312,1009,0.7690548780487805
231,1305031460.491504.png,1305031460.527570.png,2894,2590,0.8949550794747754
232,1305031460.527570.png,1305031460.559647.png,2547,2143,0.8413820180604633
233,1305031460.559647.png,1305031460.591855.png,4246,3699,0.871172868582195
234,1305031460.591855.png,1305031460.627625.png,3778,3194,0.845420857596612
235,1305031460.627625.png,1305031460.659764.png,4003,3545,0.8855858106420185
236,1305031460.659764.png,1305031460.691671.png,4616,3876,0.8396880415944541
237,1305031460.691671.png,1305031460.727675.png,4809,4416,0.9182782283218964
238,1305031460.727675.png,1305031460.759667.png,4531,4097,0.9042154049878613
239,1305031460.759667.png,1305031460.791660.png,4831,4183,0.8658662802732353
240,1305031460.791660.png,1305031460.827660.png,4670,4081,0.8738758029978587
241,1305031460.827660.png,1305031460.859714.png,4610,4037,0.8757049891540131
242,1305031460.859714.png,1305031460.891774.png,4625,4336,0.9375135135135135
243,1305031460.891774.png,1305031460.927562.png,4620,3843,0.8318181818181818
244,1305031460.927562.png,1305031460.959649.png,3887,3335,0.8579881656804734
245,1305031460.959649.png,1305031460.991668.png,4439,3911,0.8810542915070962
246,1305031460.991668.png,1305031461.027620.png,4043,3437,0.8501113034875093
247,1305031461.027620.png,1305031461.059662.png,3101,2809,0.9058368268300548
248,1305031461.059662.png,1305031461.091728.png,4523,4087,0.9036038027857617
249,1305031461.091728.png,1305031461.127586.png,3516,3074,0.8742889647326507
250,1305031461.127586.png,1305031461.159720.png,3067,2684,0.8751222693185523
251,1305031461.159720.png,1305031461.192013.png,3036,2481,0.817193675889328
252,1305031461.192013.png,1305031461.227607.png,4683,4379,0.9350843476404015
253,1305031461.227607.png,1305031461.259642.png,3457,3056,0.884003471217819
254,1305031461.259642.png,1305031461.291656.png,4077,3731,0.9151336767230807
255,1305031461.291656.png,1305031461.327751.png,4121,3776,0.9162824557146324
256,1305031461.327751.png,1305031461.359709.png,3507,3172,0.9044767607641859
257,1305031461.359709.png,1305031461.391708.png,3845,3366,0.8754226267880364
258,1305031461.391708.png,1305031461.427624.png,4857,4264,0.8779081737698168
259,1305031461.427624.png,1305031461.459781.png,3856,3263,0.8462136929460581
260,1305031461.459781.png,1305031461.491677.png,2822,2453,0.8692416725726435
261,1305031461.491677.png,1305031461.527705.png,2761,2479,0.8978630930822166
262,1305031461.527705.png,1305031461.559677.png,2881,2443,0.8479694550503297
263,1305031461.559677.png,1305031461.591690.png,2443,2173,0.8894801473598035
264,1305031461.591690.png,1305031461.627541.png,4232,4150,0.9806238185255198
265,1305031461.627541.png,1305031461.659622.png,3967,3471,0.8749684900428536
266,1305031461.659622.png,1305031461.691563.png,2990,2481,0.8297658862876254
267,1305031461.691563.png,1305031461.727602.png,3148,2693,0.8554637865311309
268,1305031461.727602.png,1305031461.759684.png,3164,2814,0.8893805309734514
269,1305031461.759684.png,1305031461.791612.png,3444,3021,0.877177700348432
270,1305031461.791612.png,1305031461.827615.png,3940,3609,0.915989847715736
271,1305031461.827615.png,1305031461.859767.png,1547,1189,0.768584356819651
272,1305031461.859767.png,1305031461.891723.png,1534,1163,0.758148631029987
273,1305031461.891723.png,1305031461.927758.png,1535,1223,0.796742671009772
274,1305031461.927758.png,1305031461.959703.png,1232,968,0.7857142857142857
275,1305031461.959703.png,1305031461.991590.png,423,236,0.557919621749409
276,1305031461.991590.png,1305031462.027675.png,788,612,0.7766497461928934
277,1305031462.027675.png,1305031462.059837.png,3016,2738,0.9078249336870027
278,1305031462.059837.png,1305031462.091777.png,3336,2960,0.8872901678657075
279,1305031462.091777.png,1305031462.127739.png,3474,3259,0.93811168681635
280,1305031462.127739.png,1305031462.159646.png,2674,2250,0.8414360508601346
281,1305031462.159646.png,1305031462.191641.png,3601,3097,0.8600388780894196
282,1305031462.191641.png,1305031462.227633.png,3388,3201,0.9448051948051948
283,1305031462.227633.png,1305031462.259765.png,2970,2778,0.9353535353535354
284,1305031462.259765.png,1305031462.291629.png,4849,4421,0.9117343782223138
285,1305031462.291629.png,1305031462.327540.png,3958,3725,0.9411318847902981
286,1305031462.327540.png,1305031462.359732.png,2662,2300,0.8640120210368144
287,1305031462.359732.png,1305031462.391695.png,3156,2660,0.8428390367553865
288,1305031462.391695.png,1305031462.427635.png,3269,2996,0.9164882226980728
289,1305031462.427635.png,1305031462.459897.png,2695,2365,0.8775510204081632
290,1305031462.459897.png,1305031462.492008.png,2768,2418,0.8735549132947977
291,1305031462.492008.png,1305031462.527670.png,1657,1357,0.8189499094749547
292,1305031462.527670.png,1305031462.559862.png,2414,2101,0.8703396851698426
293,1305031462.559862.png,1305031462.591862.png,3627,3329,0.9178384339674662
294,1305031462.591862.png,1305031462.627851.png,4818,4344,0.9016189290161893
295,1305031462.627851.png,1305031462.659660.png,4444,3838,0.8636363636363636
296,1305031462.659660.png,1305031462.692548.png,4362,3905,0.8952315451627694
297,1305031462.692548.png,1305031462.727652.png,4174,3813,0.9135122184954481
298,1305031462.727652.png,1305031462.759782.png,4244,3837,0.9040999057492931
299,1305031462.759782.png,1305031462.791943.png,4098,3547,0.865544167886774
300,1305031462.791943.png,1305031462.827816.png,3329,2828,0.849504355662361
301,1305031462.827816.png,1305031462.859782.png,2524,2016,0.7987321711568938
302,1305031462.859782.png,1305031462.891847.png,4139,3550,0.8576950954336796
303,1305031462.891847.png,1305031462.927607.png,4483,3694,0.8240017845192951
304,1305031462.927607.png,1305031462.959676.png,4282,3754,0.8766931340495095
305,1305031462.959676.png,1305031462.995550.png,3007,2329,0.7745261057532424
306,1305031462.995550.png,1305031463.027667.png,3983,3439,0.863419533015315
307,1305031463.027667.png,1305031463.059810.png,2905,2562,0.8819277108433735
308,1305031463.059810.png,1305031463.095809.png,3621,3140,0.8671637669152168
309,1305031463.095809.png,1305031463.127550.png,3186,2735,0.8584431889516635
310,1305031463.127550.png,1305031463.159787.png,2931,2302,0.7853974752644148
311,1305031463.159787.png,1305031463.195657.png,3776,3242,0.8585805084745762
312,1305031463.195657.png,1305031463.227784.png,3323,2760,0.8305747818236533
313,1305031463.227784.png,1305031463.260034.png,4175,3752,0.8986826347305389
314,1305031463.260034.png,1305031463.295737.png,2413,1923,0.7969332780770825
315,1305031463.295737.png,1305031463.327739.png,4328,3523,0.8140018484288355
316,1305031463.327739.png,1305031463.359750.png,3890,3398,0.8735218508997429
317,1305031463.359750.png,1305031463.395630.png,2993,2568,0.858002004677581
318,1305031463.395630.png,1305031463.427716.png,4479,3930,0.8774279973208305
319,1305031463.427716.png,1305031463.459756.png,3577,2942,0.8224769359798714
320,1305031463.459756.png,1305031463.495629.png,3709,3619,0.9757346993798868
321,1305031463.495629.png,1305031463.527670.png,2046,1726,0.8435972629521017
322,1305031463.527670.png,1305031463.559751.png,2612,2436,0.9326186830015314
323,1305031463.559751.png,1305031463.595600.png,4487,4300,0.9583240472476042
324,1305031463.595600.png,1305031463.627588.png,1209,870,0.7196029776674938
325,1305031463.627588.png,1305031463.659766.png,3019,2615,0.8661808545876117
326,1305031463.659766.png,1305031463.695640.png,1497,1151,0.7688710754843019
327,1305031463.695640.png,1305031463.727588.png,1944,1607,0.8266460905349794
328,1305031463.727588.png,1305031463.759674.png,1940,1548,0.797938144329897
329,1305031463.759674.png,1305031463.795647.png,1794,1517,0.8455964325529542
330,1305031463.795647.png,1305031463.827761.png,4251,3744,0.8807339449541285
331,1305031463.827761.png,1305031463.859910.png,2977,2716,0.9123278468256634
332,1305031463.859910.png,1305031463.895648.png,2809,2474,0.8807404770380919
333,1305031463.895648.png,1305031463.927664.png,4105,3595,0.8757612667478685
334,1305031463.927664.png,1305031463.959680.png,4379,3987,0.9104818451701302
335,1305031463.959680.png,1305031463.995821.png,5012,4510,0.8998403830806065
336,1305031463.995821.png,1305031464.027703.png,4028,3666,0.9101290963257199
337,1305031464.027703.png,1305031464.059652.png,3015,2584,0.8570480928689884
338,1305031464.059652.png,1305031464.095634.png,3777,3438,0.9102462271644162
339,1305031464.095634.png,1305031464.127681.png,3215,2830,0.880248833592535
340,1305031464.127681.png,1305031464.159817.png,2387,2077,0.8701298701298701
341,1305031464.159817.png,1305031464.195585.png,3169,2704,0.8532660145156201
342,1305031464.195585.png,1305031464.227624.png,1598,1217,0.7615769712140176
343,1305031464.227624.png,1305031464.259644.png,1934,1684,0.8707342295760083
344,1305031464.259644.png,1305031464.295667.png,3203,3008,0.9391195753980643
345,1305031464.295667.png,1305031464.327866.png,2856,2436,0.8529411764705882
346,1305031464.327866.png,1305031464.359684.png,3133,2683,0.8563676986913501
347,1305031464.359684.png,1305031464.395611.png,1920,1562,0.8135416666666667
348,1305031464.395611.png,1305031464.427634.png,3727,3260,0.8746981486450228
349,1305031464.427634.png,1305031464.459689.png,3642,3092,0.8489840746842394
350,1305031464.459689.png,1305031464.495633.png,3055,2559,0.8376432078559738
351,1305031464.495633.png,1305031464.527574.png,3926,3232,0.8232297503820682
352,1305031464.527574.png,1305031464.559703.png,3197,2624,0.8207694713794182
353,1305031464.559703.png,1305031464.595698.png,842,618,0.7339667458432304
354,1305031464.595698.png,1305031464.627672.png,2610,2173,0.8325670498084291
355,1305031464.627672.png,1305031464.659749.png,2462,2136,0.867587327376117
356,1305031464.659749.png,1305031464.695663.png,830,596,0.7180722891566265
357,1305031464.695663.png,1305031464.727652.png,1043,708,0.6788111217641419
358,1305031464.727652.png,1305031464.759740.png,857,542,0.632438739789965
359,1305031464.759740.png,1305031464.796021.png,1988,1558,0.783702213279678
360,1305031464.796021.png,1305031464.827759.png,1421,1050,0.7389162561576355
361,1305031464.827759.png,1305031464.859654.png,787,492,0.625158831003812
362,1305031464.859654.png,1305031464.895817.png,2282,1901,0.8330411919368974
363,1305031464.895817.png,1305031464.927799.png,1427,1035,0.7252978276103714
364,1305031464.927799.png,1305031464.959763.png,1926,1575,0.8177570093457944
365,1305031464.959763.png,1305031464.995687.png,3282,2807,0.8552711761121268
366,1305031464.995687.png,1305031465.027823.png,3436,2955,0.860011641443539
367,1305031465.027823.png,1305031465.059749.png,2055,1494,0.727007299270073
368,1305031465.059749.png,1305031465.095700.png,352,168,0.4772727272727273
369,1305031465.095700.png,1305031465.127664.png,1972,1619,0.8209939148073022
370,1305031465.127664.png,1305031465.159842.png,2259,1677,0.7423638778220452
371,1305031465.159842.png,1305031465.195564.png,2709,2267,0.8368401624215578
372,1305031465.195564.png,1305031465.227907.png,2579,1998,0.7747188832880961
373,1305031465.227907.png,1305031465.259807.png,1583,1124,0.7100442198357549
374,1305031465.259807.png,1305031465.295623.png,2770,1997,0.7209386281588448
375,1305031465.295623.png,1305031465.327674.png,2819,2364,0.8385952465413267
376,1305031465.327674.png,1305031465.359948.png,1281,893,0.697111631537861
377,1305031465.359948.png,1305031465.395586.png,2560,2145,0.837890625
378,1305031465.395586.png,1305031465.427697.png,3018,2515,0.8333333333333334
379,1305031465.427697.png,1305031465.460125.png,3379,2801,0.8289434744007103
380,1305031465.460125.png,1305031465.495703.png,2831,2185,0.7718120805369127
381,1305031465.495703.png,1305031465.527622.png,2173,1564,0.7197422917625402
382,1305031465.527622.png,1305031465.559812.png,4059,3324,0.8189209164818921
383,1305031465.559812.png,1305031465.595599.png,3515,3048,0.8671408250355619
384,1305031465.595599.png,1305031465.627688.png,3503,2850,0.8135883528404225
385,1305031465.627688.png,1305031465.660060.png,3915,3015,0.7701149425287356
386,1305031465.660060.png,1305031465.695668.png,3262,2781,0.8525444512568976
387,1305031465.695668.png,1305031465.727682.png,4002,3367,0.8413293353323338
388,1305031465.727682.png,1305031465.759766.png,3596,3139,0.8729143492769744
389,1305031465.759766.png,1305031465.795937.png,3774,3086,0.8177000529941706
390,1305031465.795937.png,1305031465.827996.png,2980,2349,0.788255033557047
391,1305031465.827996.png,1305031465.859861.png,1330,884,0.6646616541353384
392,1305031465.859861.png,1305031465.895494.png,1598,1176,0.7359198998748435
393,1305031465.895494.png,1305031465.927495.png,1170,830,0.7094017094017094
394,1305031465.927495.png,1305031465.959710.png,2486,1931,0.7767497988736927
395,1305031465.959710.png,1305031465.995753.png,1719,1237,0.7196044211751018
396,1305031465.995753.png,1305031466.027644.png,2083,1615,0.7753240518482958
397,1305031466.027644.png,1305031466.059757.png,1663,1241,0.746241731809982
398,1305031466.059757.png,1305031466.095840.png,1948,1588,0.8151950718685832
399,1305031466.095840.png,1305031466.127640.png,3909,3360,0.8595548733691482
400,1305031466.127640.png,1305031466.160428.png,2805,2276,0.8114081996434938
401,1305031466.160428.png,1305031466.195833.png,2170,1661,0.7654377880184332
402,1305031466.195833.png,1305031466.227951.png,1610,1174,0.7291925465838509
403,1305031466.227951.png,1305031466.259815.png,930,547,0.5881720430107527
404,1305031466.259815.png,1305031466.295737.png,2139,1765,0.8251519401589528
405,1305031466.295737.png,1305031466.327702.png,1694,1335,0.7880755608028335
406,1305031466.327702.png,1305031466.359829.png,2317,2054,0.8864911523521796
407,1305031466.359829.png,1305031466.395784.png,1004,735,0.7320717131474104
408,1305031466.395784.png,1305031466.427819.png,3284,2681,0.8163824604141291
409,1305031466.427819.png,1305031466.459790.png,3194,2779,0.8700688791484033
410,1305031466.459790.png,1305031466.495809.png,2442,2049,0.8390663390663391
411,1305031466.495809.png,1305031466.527538.png,2374,1954,0.823083403538332
412,1305031466.527538.png,1305031466.560353.png,1401,991,0.7073518915060671
413,1305031466.560353.png,1305031466.595936.png,2327,1867,0.8023205844434895
414,1305031466.595936.png,1305031466.627549.png,575,341,0.5930434782608696
415,1305031466.627549.png,1305031466.659688.png,2662,2222,0.8347107438016529
416,1305031466.659688.png,1305031466.695822.png,1348,916,0.6795252225519288
417,1305031466.695822.png,1305031466.728074.png,2711,2268,0.8365916635927702
418,1305031466.728074.png,1305031466.759637.png,1514,1107,0.7311756935270806
419,1305031466.759637.png,1305031466.795604.png,2433,1995,0.8199753390875463
420,1305031466.795604.png,1305031466.827879.png,3213,2633,0.8194833488951137
421,1305031466.827879.png,1305031466.859665.png,2770,2308,0.8332129963898917
422,1305031466.859665.png,1305031466.895694.png,2400,1941,0.80875
423,1305031466.895694.png,1305031466.927756.png,3427,3112,0.9080828713160198
424,1305031466.927756.png,1305031466.959728.png,2726,2294,0.8415260454878943
425,1305031466.959728.png,1305031466.995712.png,4340,3648,0.840552995391705
426,1305031466.995712.png,1305031467.027843.png,4732,4226,0.8930684699915469
427,1305031467.027843.png,1305031467.059700.png,3988,3382,0.8480441323971916
428,1305031467.059700.png,1305031467.095687.png,3866,3228,0.834971546818417
429,1305031467.095687.png,1305031467.128974.png,3427,2858,0.8339655675517945
430,1305031467.128974.png,1305031467.159660.png,4441,4018,0.9047511821661788
431,1305031467.159660.png,1305031467.195663.png,4425,4010,0.9062146892655367
432,1305031467.195663.png,1305031467.227704.png,4680,4140,0.8846153846153846
433,1305031467.227704.png,1305031467.259694.png,4563,3991,0.8746438746438746
434,1305031467.259694.png,1305031467.295846.png,4469,3842,0.8597001566345939
435,1305031467.295846.png,1305031467.328008.png,4182,3516,0.8407460545193687
436,1305031467.328008.png,1305031467.359654.png,2637,2055,0.7792946530147895
437,1305031467.359654.png,1305031467.395756.png,3728,3121,0.8371781115879828
438,1305031467.395756.png,1305031467.427783.png,2920,2331,0.7982876712328767
439,1305031467.427783.png,1305031467.459692.png,4078,3351,0.821726336439431
440,1305031467.459692.png,1305031467.496058.png,1699,1191,0.7010005885815186
441,1305031467.496058.png,1305031467.527663.png,2324,1978,0.851118760757315
442,1305031467.527663.png,1305031467.559763.png,3765,3189,0.847011952191235
443,1305031467.559763.png,1305031467.595989.png,4407,3498,0.7937372362151123
444,1305031467.595989.png,1305031467.627532.png,2599,2068,0.7956906502500962
445,1305031467.627532.png,1305031467.659626.png,3547,2948,0.8311248942768537
446,1305031467.659626.png,1305031467.695886.png,2480,1909,0.769758064516129
447,1305031467.695886.png,1305031467.727535.png,2877,2226,0.7737226277372263
448,1305031467.727535.png,1305031467.759907.png,3881,3376,0.8698788971914455
449,1305031467.759907.png,1305031467.796075.png,3459,2762,0.7984966753396936
450,1305031467.796075.png,1305031467.827800.png,2625,2094,0.7977142857142857
451,1305031467.827800.png,1305031467.859729.png,3109,2723,0.8758443229334191
452,1305031467.859729.png,1305031467.895947.png,2092,1629,0.77868068833652
453,1305031467.895947.png,1305031467.927754.png,3649,3137,0.8596875856399013
454,1305031467.927754.png,1305031467.959826.png,3008,2467,0.8201462765957447
455,1305031467.959826.png,1305031467.995754.png,2087,1572,0.7532343076185912
456,1305031467.995754.png,1305031468.028107.png,3728,3489,0.9358905579399142
457,1305031468.028107.png,1305031468.059850.png,2970,2344,0.7892255892255893
458,1305031468.059850.png,1305031468.095867.png,2521,1936,0.7679492264974217
459,1305031468.095867.png,1305031468.127816.png,4050,3481,0.8595061728395061
460,1305031468.127816.png,1305031468.159864.png,4357,3770,0.8652742712875832
461,1305031468.159864.png,1305031468.195985.png,4139,3653,0.8825803334138681
462,1305031468.195985.png,1305031468.228158.png,3701,3226,0.8716563091056472
463,1305031468.228158.png,1305031468.259754.png,3930,3198,0.8137404580152672
464,1305031468.259754.png,1305031468.295830.png,4036,3210,0.7953419226957383
465,1305031468.295830.png,1305031468.327847.png,2129,1687,0.7923907937999061
466,1305031468.327847.png,1305031468.359787.png,1818,1413,0.7772277227722773
467,1305031468.359787.png,1305031468.395860.png,3359,2770,0.8246501935099733
468,1305031468.395860.png,1305031468.428025.png,3109,2383,0.7664844001286587
469,1305031468.428025.png,1305031468.459759.png,3849,3254,0.8454143933489218
470,1305031468.459759.png,1305031468.495809.png,4061,3264,0.8037429204629402
471,1305031468.495809.png,1305031468.527756.png,2825,2364,0.8368141592920354
472,1305031468.527756.png,1305031468.559739.png,3486,2880,0.8261617900172117
473,1305031468.559739.png,1305031468.595768.png,2275,1818,0.7991208791208791
474,1305031468.595768.png,1305031468.627626.png,4322,3759,0.8697362332253586
475,1305031468.627626.png,1305031468.659579.png,2017,1448,0.7178978681209718
476,1305031468.659579.png,1305031468.695835.png,3726,3235,0.8682232957595276
477,1305031468.695835.png,1305031468.727785.png,3363,2852,0.848052334225394
478,1305031468.727785.png,1305031468.759628.png,3327,2695,0.810039074241058
479,1305031468.759628.png,1305031468.795796.png,2438,2009,0.8240360951599672
480,1305031468.795796.png,1305031468.829247.png,3094,2654,0.8577892695539754
481,1305031468.829247.png,1305031468.859659.png,2328,1843,0.7916666666666666
482,1305031468.859659.png,1305031468.895873.png,4541,3955,0.8709535344637745
483,1305031468.895873.png,1305031468.928141.png,4105,3466,0.8443361753958587
484,1305031468.928141.png,1305031468.959594.png,2080,1638,0.7875
485,1305031468.959594.png,1305031468.995711.png,724,528,0.7292817679558011
486,1305031468.995711.png,1305031469.027699.png,2180,1807,0.8288990825688073
487,1305031469.027699.png,1305031469.059832.png,2444,2090,0.8551554828150573
488,1305031469.059832.png,1305031469.095723.png,1695,1355,0.799410029498525
489,1305031469.095723.png,1305031469.127679.png,1781,1471,0.8259404828747895
490,1305031469.127679.png,1305031469.159703.png,3438,3147,0.9153577661431065
491,1305031469.159703.png,1305031469.195540.png,2609,2311,0.8857799923342277
492,1305031469.195540.png,1305031469.227754.png,2680,2245,0.8376865671641791
493,1305031469.227754.png,1305031469.259586.png,3729,3495,0.9372485921158488
494,1305031469.259586.png,1305031469.296754.png,4746,4428,0.9329962073324906
495,1305031469.296754.png,1305031469.327618.png,3799,3483,0.9168202158462754
496,1305031469.327618.png,1305031469.359592.png,1702,1407,0.8266745005875441
497,1305031469.359592.png,1305031469.395695.png,1907,1615,0.8468799160985842
498,1305031469.395695.png,1305031469.427651.png,2952,2570,0.8705962059620597
499,1305031469.427651.png,1305031469.459668.png,3954,3724,0.9418310571573091
500,1305031469.459668.png,1305031469.495744.png,2755,2222,0.8065335753176044
501,1305031469.495744.png,1305031469.527622.png,3394,3118,0.9186800235710076
502,1305031469.527622.png,1305031469.559645.png,4422,4022,0.9095431931252826
503,1305031469.559645.png,1305031469.595755.png,3403,3144,0.9238906846899795
504,1305031469.595755.png,1305031469.627752.png,2689,2427,0.9025660096690219
505,1305031469.627752.png,1305031469.659590.png,2854,2482,0.869656622284513
506,1305031469.659590.png,1305031469.695613.png,3909,3488,0.8922998209260681
507,1305031469.695613.png,1305031469.727679.png,4172,3684,0.8830297219558965
508,1305031469.727679.png,1305031469.759599.png,2864,2647,0.924231843575419
509,1305031469.759599.png,1305031469.795621.png,2599,2133,0.8207002693343594
510,1305031469.795621.png,1305031469.827526.png,3291,2894,0.8793679732604072
511,1305031469.827526.png,1305031469.859574.png,3436,2838,0.8259604190919674
512,1305031469.859574.png,1305031469.895755.png,3887,3595,0.9248777977874968
513,1305031469.895755.png,1305031469.927854.png,2726,2239,0.8213499633162142
514,1305031469.927854.png,1305031469.959805.png,3544,2869,0.8095372460496614
515,1305031469.959805.png,1305031469.995551.png,3397,3010,0.8860759493670886
516,1305031469.995551.png,1305031470.027694.png,2790,2508,0.8989247311827957
517,1305031470.027694.png,1305031470.059638.png,3084,2836,0.9195849546044098
518,1305031470.059638.png,1305031470.095944.png,3717,3091,0.8315846112456282
519,1305031470.095944.png,1305031470.127633.png,2779,2107,0.7581863979848866
520,1305031470.127633.png,1305031470.159626.png,2218,1988,0.8963029756537421
521,1305031470.159626.png,1305031470.196092.png,3651,3361,0.9205697069296084
522,1305031470.196092.png,1305031470.227618.png,2887,2644,0.915829580879806
523,1305031470.227618.png,1305031470.259965.png,3264,2741,0.8397671568627451
524,1305031470.259965.png,1305031470.295718.png,3066,2439,0.7954990215264188
525,1305031470.295718.png,1305031470.327644.png,2963,2595,0.875801552480594
526,1305031470.327644.png,1305031470.359624.png,2721,2273,0.8353546490260934
527,1305031470.359624.png,1305031470.395823.png,3173,2562,0.8074377560668138
528,1305031470.395823.png,1305031470.427641.png,2997,2749,0.9172505839172506
529,1305031470.427641.png,1305031470.459721.png,2895,2363,0.8162348877374784
530,1305031470.459721.png,1305031470.495686.png,3546,3015,0.850253807106599
531,1305031470.495686.png,1305031470.527689.png,3510,3427,0.9763532763532764
532,1305031470.527689.png,1305031470.559677.png,3631,3093,0.8518314513908014
533,1305031470.559677.png,1305031470.595760.png,3853,2998,0.7780949909161692
534,1305031470.595760.png,1305031470.627729.png,3944,3492,0.8853955375253549
535,1305031470.627729.png,1305031470.659690.png,3989,3188,0.7991977939333166
536,1305031470.659690.png,1305031470.695630.png,3555,3085,0.8677918424753868
537,1305031470.695630.png,1305031470.727654.png,1945,1703,0.8755784061696658
538,1305031470.727654.png,1305031470.759682.png,2898,2606,0.8992408557625949
539,1305031470.759682.png,1305031470.795615.png,3581,3251,0.9078469701200782
540,1305031470.795615.png,1305031470.827831.png,2100,1701,0.81
541,1305031470.827831.png,1305031470.859645.png,3841,3386,0.8815412652954959
542,1305031470.859645.png,1305031470.895722.png,3389,2819,0.8318087931543228
543,1305031470.895722.png,1305031470.927684.png,2394,1996,0.83375104427736
544,1305031470.927684.png,1305031470.959647.png,1962,1658,0.8450560652395515
545,1305031470.959647.png,1305031470.995996.png,2340,1940,0.8290598290598291
546,1305031470.995996.png,1305031471.027644.png,2915,2481,0.851114922813036
547,1305031471.027644.png,1305031471.059636.png,3662,3168,0.8651010376843256
548,1305031471.059636.png,1305031471.095777.png,3189,2855,0.8952649733458764
549,1305031471.095777.png,1305031471.127663.png,4533,3886,0.85726891683212
550,1305031471.127663.png,1305031471.159649.png,3047,2651,0.8700361010830325
551,1305031471.159649.png,1305031471.195703.png,3910,3445,0.881074168797954
552,1305031471.195703.png,1305031471.227569.png,4909,4364,0.8889794255449175
553,1305031471.227569.png,1305031471.259722.png,5345,4749,0.8884939195509822
554,1305031471.259722.png,1305031471.296068.png,4670,4153,0.8892933618843684
555,1305031471.296068.png,1305031471.327642.png,4071,3640,0.8941292065831491
556,1305031471.327642.png,1305031471.359615.png,3790,3242,0.8554089709762533
557,1305031471.359615.png,1305031471.395730.png,3045,2635,0.8653530377668309
558,1305031471.395730.png,1305031471.427704.png,4069,3260,0.8011796510199066
559,1305031471.427704.png,1305031471.459647.png,4247,3798,0.8942783141040734
560,1305031471.459647.png,1305031471.496491.png,5468,5116,0.9356254572055597
561,1305031471.496491.png,1305031471.527624.png,5410,4945,0.9140480591497228
562,1305031471.527624.png,1305031471.559671.png,5319,4809,0.904117315284828
563,1305031471.559671.png,1305031471.595702.png,5142,4586,0.8918708673667833
564,1305031471.595702.png,1305031471.627621.png,5411,5103,0.943078913324709
565,1305031471.627621.png,1305031471.659642.png,4859,4248,0.8742539617205186
566,1305031471.659642.png,1305031471.695609.png,4933,4531,0.9185080072977904
567,1305031471.695609.png,1305031471.727501.png,5200,4794,0.921923076923077
568,1305031471.727501.png,1305031471.759702.png,4393,3946,0.8982472114727976
569,1305031471.759702.png,1305031471.795801.png,4513,4235,0.9384001772656769
570,1305031471.795801.png,1305031471.827639.png,2941,2550,0.8670520231213873
571,1305031471.827639.png,1305031471.859665.png,3924,3655,0.93144750254842
572,1305031471.859665.png,1305031471.895604.png,3566,3187,0.8937184520471116
573,1305031471.895604.png,1305031471.927651.png,4125,3663,0.888
574,1305031471.927651.png,1305031471.959643.png,2479,2100,0.8471157724889068
575,1305031471.959643.png,1305031471.995573.png,2100,1676,0.7980952380952381
576,1305031471.995573.png,1305031472.027638.png,2751,2320,0.8433296982915304
577,1305031472.027638.png,1305031472.059668.png,2635,2223,0.8436432637571157
578,1305031472.059668.png,1305031472.095601.png,4452,4123,0.9261006289308176
579,1305031472.095601.png,1305031472.127594.png,3119,2642,0.8470663674254568
580,1305031472.127594.png,1305031472.159645.png,2838,2469,0.8699788583509513
581,1305031472.159645.png,1305031472.195682.png,4931,4329,0.8779152301764348
582,1305031472.195682.png,1305031472.227626.png,4570,4130,0.9037199124726477
583,1305031472.227626.png,1305031472.263840.png,3884,3686,0.9490216271884655
584,1305031472.263840.png,1305031472.295671.png,4339,3783,0.8718598755473611
585,1305031472.295671.png,1305031472.327678.png,3493,3175,0.9089607787002577
586,1305031472.327678.png,1305031472.363577.png,5378,5275,0.9808478988471551
587,1305031472.363577.png,1305031472.395599.png,4702,4249,0.9036580178647384
588,1305031472.395599.png,1305031472.427686.png,5147,4905,0.9529823197979406
589,1305031472.427686.png,1305031472.463603.png,4615,4165,0.9024918743228603
590,1305031472.463603.png,1305031472.495626.png,5069,4750,0.9370684553166305
591,1305031472.495626.png,1305031472.527625.png,3957,3451,0.8721253474854688
592,1305031472.527625.png,1305031472.563587.png,3804,3148,0.8275499474237644
593,1305031472.563587.png,1305031472.595675.png,2837,2348,0.8276348255199154
594,1305031472.595675.png,1305031472.627701.png,5984,5851,0.977774064171123
595,1305031472.627701.png,1305031472.663575.png,5075,4673,0.9207881773399015
596,1305031472.663575.png,1305031472.695755.png,5193,4857,0.9352975158867707
597,1305031472.695755.png,1305031472.727628.png,5684,5572,0.9802955665024631
598,1305031472.727628.png,1305031472.763578.png,4878,4633,0.9497744977449775
599,1305031472.763578.png,1305031472.795640.png,5399,4952,0.9172068901648454
600,1305031472.795640.png,1305031472.827627.png,5151,4560,0.885264997087944
601,1305031472.827627.png,1305031472.863598.png,4928,4524,0.9180194805194806
602,1305031472.863598.png,1305031472.895713.png,5411,5089,0.9404915912031048
603,1305031472.895713.png,1305031472.927685.png,5458,5187,0.9503481128618542
604,1305031472.927685.png,1305031472.963756.png,5410,5022,0.9282809611829944
605,1305031472.963756.png,1305031472.995704.png,5701,5406,0.9482546921592703
606,1305031472.995704.png,1305031473.027638.png,5815,5700,0.9802235597592434
607,1305031473.027638.png,1305031473.063684.png,5401,5193,0.9614886132197741
608,1305031473.063684.png,1305031473.095695.png,5624,5369,0.9546586059743954
609,1305031473.095695.png,1305031473.127744.png,5571,5463,0.9806138933764136
610,1305031473.127744.png,1305031473.167060.png,5299,5170,0.9756557841102095
611,1305031473.167060.png,1305031473.196069.png,5362,5183,0.9666169339798583
