pair_index,frame1,frame2,num_keypoints1,num_keypoints2,num_matches,num_inliers,inlier_ratio
0,1305031452.791720.png,1305031452.823674.png,380,509,380,231,0.6078947368421053
1,1305031452.823674.png,1305031452.859642.png,509,579,509,343,0.6738703339882122
2,1305031452.859642.png,1305031452.891726.png,579,476,579,361,0.6234887737478411
3,1305031452.891726.png,1305031452.923715.png,476,602,476,324,0.680672268907563
4,1305031452.923715.png,1305031452.959701.png,602,603,602,423,0.7026578073089701
5,1305031452.959701.png,1305031452.991647.png,603,446,603,343,0.5688225538971807
6,1305031452.991647.png,1305031453.023650.png,446,490,446,287,0.6434977578475336
7,1305031453.023650.png,1305031453.059754.png,490,509,490,365,0.7448979591836735
8,1305031453.059754.png,1305031453.091704.png,509,473,509,365,0.7170923379174853
9,1305031453.091704.png,1305031453.123633.png,473,550,473,356,0.7526427061310782
10,1305031453.123633.png,1305031453.159673.png,550,524,550,424,0.7709090909090909
11,1305031453.159673.png,1305031453.191726.png,524,505,524,390,0.7442748091603053
12,1305031453.191726.png,1305031453.223689.png,505,611,505,365,0.7227722772277227
13,1305031453.223689.png,1305031453.259670.png,611,603,611,398,0.6513911620294599
14,1305031453.259670.png,1305031453.291696.png,603,457,603,305,0.5058043117744611
15,1305031453.291696.png,1305031453.323682.png,457,489,457,329,0.7199124726477024
16,1305031453.323682.png,1305031453.359684.png,489,633,489,302,0.6175869120654397
17,1305031453.359684.png,1305031453.391690.png,633,702,633,479,0.7567140600315956
18,1305031453.391690.png,1305031453.423683.png,702,638,702,518,0.7378917378917379
19,1305031453.423683.png,1305031453.459685.png,638,572,638,456,0.7147335423197492
20,1305031453.459685.png,1305031453.491698.png,572,522,572,412,0.7202797202797203
21,1305031453.491698.png,1305031453.523684.png,522,535,522,375,0.7183908045977011
22,1305031453.523684.png,1305031453.559753.png,535,532,535,387,0.7233644859813084
23,1305031453.559753.png,1305031453.591640.png,532,593,532,427,0.8026315789473685
24,1305031453.591640.png,1305031453.627706.png,593,535,593,375,0.6323777403035413
25,1305031453.627706.png,1305031453.659600.png,535,562,535,379,0.708411214953271
26,1305031453.659600.png,1305031453.691678.png,562,646,562,419,0.7455516014234875
27,1305031453.691678.png,1305031453.727652.png,646,641,646,479,0.7414860681114551
28,1305031453.727652.png,1305031453.759694.png,641,596,641,434,0.6770670826833073
29,1305031453.759694.png,1305031453.791716.png,596,590,596,423,0.709731543624161
30,1305031453.791716.png,1305031453.827773.png,590,553,590,399,0.676271186440678
31,1305031453.827773.png,1305031453.859705.png,553,392,553,300,0.5424954792043399
32,1305031453.859705.png,1305031453.891710.png,392,320,392,254,0.6479591836734694
33,1305031453.891710.png,1305031453.927723.png,320,327,320,264,0.825
34,1305031453.927723.png,1305031453.959641.png,327,363,327,239,0.7308868501529052
35,1305031453.959641.png,1305031453.991624.png,363,503,363,256,0.7052341597796143
36,1305031453.991624.png,1305031454.027662.png,503,472,503,373,0.7415506958250497
37,1305031454.027662.png,1305031454.059654.png,472,479,472,360,0.7627118644067796
38,1305031454.059654.png,1305031454.091651.png,479,506,479,332,0.6931106471816284
39,1305031454.091651.png,1305031454.127701.png,506,477,506,319,0.6304347826086957
40,1305031454.127701.png,1305031454.159672.png,477,446,477,272,0.570230607966457
41,1305031454.159672.png,1305031454.191658.png,446,487,446,297,0.6659192825112108
42,1305031454.191658.png,1305031454.227671.png,487,504,487,211,0.433264887063655
43,1305031454.227671.png,1305031454.259627.png,504,634,504,253,0.501984126984127
44,1305031454.259627.png,1305031454.291639.png,634,552,634,438,0.6908517350157729
45,1305031454.291639.png,1305031454.327699.png,552,552,552,234,0.42391304347826086
46,1305031454.327699.png,1305031454.359636.png,552,649,552,311,0.5634057971014492
47,1305031454.359636.png,1305031454.391677.png,649,659,649,443,0.6825885978428351
48,1305031454.391677.png,1305031454.427465.png,659,635,659,443,0.6722306525037937
49,1305031454.427465.png,1305031454.459913.png,635,696,635,405,0.6377952755905512
50,1305031454.459913.png,1305031454.491617.png,696,664,696,509,0.7313218390804598
51,1305031454.491617.png,1305031454.527700.png,664,569,664,440,0.6626506024096386
52,1305031454.527700.png,1305031454.559575.png,569,540,569,383,0.6731107205623902
53,1305031454.559575.png,1305031454.591635.png,540,537,540,331,0.6129629629629629
54,1305031454.591635.png,1305031454.627580.png,537,507,537,312,0.5810055865921788
55,1305031454.627580.png,1305031454.659528.png,507,454,507,315,0.621301775147929
56,1305031454.659528.png,1305031454.691884.png,454,464,454,287,0.6321585903083701
57,1305031454.691884.png,1305031454.727659.png,464,531,464,321,0.6918103448275862
58,1305031454.727659.png,1305031454.759732.png,531,622,531,368,0.6930320150659134
59,1305031454.759732.png,1305031454.791641.png,622,688,622,435,0.6993569131832797
60,1305031454.791641.png,1305031454.827570.png,688,589,688,447,0.6497093023255814
61,1305031454.827570.png,1305031454.859620.png,589,607,589,428,0.7266553480475382
62,1305031454.859620.png,1305031454.891764.png,607,567,607,431,0.7100494233937397
63,1305031454.891764.png,1305031454.927567.png,567,563,567,421,0.7425044091710759
64,1305031454.927567.png,1305031454.959648.png,563,585,563,420,0.7460035523978685
65,1305031454.959648.png,1305031454.991937.png,585,714,585,461,0.788034188034188
66,1305031454.991937.png,1305031455.027799.png,714,653,714,557,0.7801120448179272
67,1305031455.027799.png,1305031455.059636.png,653,766,653,562,0.8606431852986217
68,1305031455.059636.png,1305031455.091700.png,766,788,766,636,0.8302872062663186
69,1305031455.091700.png,1305031455.127695.png,788,716,788,599,0.7601522842639594
70,1305031455.127695.png,1305031455.159720.png,716,698,716,601,0.8393854748603352
71,1305031455.159720.png,1305031455.191655.png,698,688,698,557,0.7979942693409742
72,1305031455.191655.png,1305031455.227581.png,688,757,688,587,0.8531976744186046
73,1305031455.227581.png,1305031455.259631.png,757,455,757,384,0.5072655217965654
74,1305031455.259631.png,1305031455.291831.png,455,568,455,322,0.7076923076923077
75,1305031455.291831.png,1305031455.327766.png,568,471,568,401,0.7059859154929577
76,1305031455.327766.png,1305031455.359630.png,471,366,471,238,0.505307855626327
77,1305031455.359630.png,1305031455.391665.png,366,478,366,255,0.6967213114754098
78,1305031455.391665.png,1305031455.427642.png,478,583,478,383,0.801255230125523
79,1305031455.427642.png,1305031455.459589.png,583,716,583,454,0.7787307032590052
80,1305031455.459589.png,1305031455.491637.png,716,637,716,550,0.7681564245810056
81,1305031455.491637.png,1305031455.527610.png,637,617,637,406,0.6373626373626373
82,1305031455.527610.png,1305031455.559669.png,617,534,617,435,0.7050243111831442
83,1305031455.559669.png,1305031455.591645.png,534,555,534,343,0.6423220973782772
84,1305031455.591645.png,1305031455.627617.png,555,680,555,376,0.6774774774774774
85,1305031455.627617.png,1305031455.659615.png,680,582,680,448,0.6588235294117647
86,1305031455.659615.png,1305031455.691605.png,582,694,582,460,0.7903780068728522
87,1305031455.691605.png,1305031455.727628.png,694,729,694,533,0.7680115273775217
88,1305031455.727628.png,1305031455.759683.png,729,797,729,549,0.7530864197530864
89,1305031455.759683.png,1305031455.791666.png,797,665,797,522,0.6549560853199499
90,1305031455.791666.png,1305031455.827590.png,665,739,665,476,0.7157894736842105
91,1305031455.827590.png,1305031455.859526.png,739,753,739,595,0.8051420838971584
92,1305031455.859526.png,1305031455.891657.png,753,775,753,617,0.8193891102257637
93,1305031455.891657.png,1305031455.927955.png,775,806,775,601,0.775483870967742
94,1305031455.927955.png,1305031455.959716.png,806,826,806,635,0.7878411910669976
95,1305031455.959716.png,1305031455.991694.png,826,782,826,630,0.7627118644067796
96,1305031455.991694.png,1305031456.027770.png,782,570,782,403,0.5153452685421995
97,1305031456.027770.png,1305031456.059713.png,570,713,570,395,0.6929824561403509
98,1305031456.059713.png,1305031456.091707.png,713,829,713,560,0.7854137447405329
99,1305031456.091707.png,1305031456.127645.png,829,845,829,672,0.8106151990349819
100,1305031456.127645.png,1305031456.159731.png,845,576,845,479,0.5668639053254438
101,1305031456.159731.png,1305031456.191658.png,576,500,576,388,0.6736111111111112
102,1305031456.191658.png,1305031456.227678.png,500,659,500,316,0.632
103,1305031456.227678.png,1305031456.259614.png,659,582,659,455,0.6904400606980273
104,1305031456.259614.png,1305031456.291675.png,582,559,582,401,0.6890034364261168
105,1305031456.291675.png,1305031456.327718.png,559,525,559,415,0.7423971377459749
106,1305031456.327718.png,1305031456.359846.png,525,615,525,321,0.6114285714285714
107,1305031456.359846.png,1305031456.391619.png,615,487,615,302,0.49105691056910566
108,1305031456.391619.png,1305031456.427662.png,487,788,487,351,0.7207392197125256
109,1305031456.427662.png,1305031456.459610.png,788,697,788,467,0.5926395939086294
110,1305031456.459610.png,1305031456.491677.png,697,586,697,488,0.7001434720229556
111,1305031456.491677.png,1305031456.527641.png,586,713,586,495,0.8447098976109215
112,1305031456.527641.png,1305031456.559608.png,713,1006,713,483,0.6774193548387096
113,1305031456.559608.png,1305031456.591651.png,1006,678,1006,527,0.5238568588469185
114,1305031456.591651.png,1305031456.627612.png,678,545,678,322,0.4749262536873156
115,1305031456.627612.png,1305031456.659665.png,545,990,545,304,0.5577981651376147
116,1305031456.659665.png,1305031456.691612.png,990,892,990,671,0.6777777777777778
117,1305031456.691612.png,1305031456.727693.png,892,561,892,425,0.476457399103139
118,1305031456.727693.png,1305031456.759615.png,561,717,561,227,0.40463458110516937
119,1305031456.759615.png,1305031456.791649.png,717,657,717,501,0.698744769874477
120,1305031456.791649.png,1305031456.827603.png,657,694,657,370,0.563165905631659
121,1305031456.827603.png,1305031456.859634.png,694,922,694,509,0.7334293948126801
122,1305031456.859634.png,1305031456.891672.png,922,1055,922,650,0.7049891540130152
123,1305031456.891672.png,1305031456.927690.png,1055,1107,1055,790,0.7488151658767772
124,1305031456.927690.png,1305031456.959667.png,1107,805,1107,505,0.4561878952122855
125,1305031456.959667.png,1305031456.991709.png,805,1071,805,491,0.6099378881987577
126,1305031456.991709.png,1305031457.027648.png,1071,1133,1071,788,0.7357609710550888
127,1305031457.027648.png,1305031457.059621.png,1133,811,1133,554,0.4889673433362754
128,1305031457.059621.png,1305031457.091655.png,811,1131,811,528,0.6510480887792849
129,1305031457.091655.png,1305031457.127632.png,1131,1249,1131,851,0.7524314765694076
130,1305031457.127632.png,1305031457.159693.png,1249,1231,1249,1003,0.8030424339471577
131,1305031457.159693.png,1305031457.191735.png,1231,1209,1231,949,0.7709179528838342
132,1305031457.191735.png,1305031457.227543.png,1209,1283,1209,944,0.7808105872622002
133,1305031457.227543.png,1305031457.259691.png,1283,982,1283,696,0.5424785658612626
134,1305031457.259691.png,1305031457.291656.png,982,1054,982,665,0.6771894093686355
135,1305031457.291656.png,1305031457.327548.png,1054,1116,1054,815,0.7732447817836812
136,1305031457.327548.png,1305031457.359712.png,1116,1009,1116,793,0.7105734767025089
137,1305031457.359712.png,1305031457.391684.png,1009,983,1009,711,0.7046580773042617
138,1305031457.391684.png,1305031457.427641.png,983,1130,983,669,0.6805696846388606
139,1305031457.427641.png,1305031457.459614.png,1130,1085,1130,839,0.7424778761061946
140,1305031457.459614.png,1305031457.491705.png,1085,1021,1085,797,0.7345622119815668
141,1305031457.491705.png,1305031457.527638.png,1021,1037,1021,791,0.7747306562193927
142,1305031457.527638.png,1305031457.559685.png,1037,1057,1037,847,0.8167791706846673
143,1305031457.559685.png,1305031457.591678.png,1057,1054,1057,823,0.7786187322611163
144,1305031457.591678.png,1305031457.627526.png,1054,961,1054,741,0.7030360531309298
145,1305031457.627526.png,1305031457.659632.png,961,855,961,587,0.6108220603537982
146,1305031457.659632.png,1305031457.691570.png,855,919,855,654,0.7649122807017544
147,1305031457.691570.png,1305031457.727669.png,919,919,919,695,0.7562568008705114
148,1305031457.727669.png,1305031457.759556.png,919,837,919,632,0.6877040261153428
149,1305031457.759556.png,1305031457.791567.png,837,736,837,401,0.47909199522102747
150,1305031457.791567.png,1305031457.827699.png,736,889,736,426,0.5788043478260869
151,1305031457.827699.png,1305031457.859623.png,889,910,889,575,0.6467941507311586
152,1305031457.859623.png,1305031457.891593.png,910,696,910,358,0.3934065934065934
153,1305031457.891593.png,1305031457.927633.png,696,754,696,339,0.4870689655172414
154,1305031457.927633.png,1305031457.959632.png,754,941,754,520,0.6896551724137931
155,1305031457.959632.png,1305031457.991644.png,941,746,941,495,0.5260361317747078
156,1305031457.991644.png,1305031458.027845.png,746,712,746,449,0.6018766756032171
157,1305031458.027845.png,1305031458.059689.png,712,1021,712,413,0.5800561797752809
158,1305031458.059689.png,1305031458.091690.png,1021,1108,1021,866,0.8481880509304603
159,1305031458.091690.png,1305031458.127605.png,1108,1055,1108,858,0.7743682310469314
160,1305031458.127605.png,1305031458.159638.png,1055,920,1055,819,0.776303317535545
161,1305031458.159638.png,1305031458.191646.png,920,682,920,546,0.5934782608695652
162,1305031458.191646.png,1305031458.227611.png,682,631,682,400,0.5865102639296188
163,1305031458.227611.png,1305031458.259934.png,631,605,631,232,0.3676703645007924
164,1305031458.259934.png,1305031458.291664.png,605,612,605,337,0.5570247933884298
165,1305031458.291664.png,1305031458.327628.png,612,695,612,432,0.7058823529411765
166,1305031458.327628.png,1305031458.359590.png,695,492,695,252,0.36258992805755397
167,1305031458.359590.png,1305031458.391626.png,492,625,492,277,0.5630081300813008
168,1305031458.391626.png,1305031458.427598.png,625,681,625,376,0.6016
169,1305031458.427598.png,1305031458.459637.png,681,444,681,186,0.27312775330396477
170,1305031458.459637.png,1305031458.491696.png,444,410,444,198,0.44594594594594594
171,1305031458.491696.png,1305031458.527737.png,410,545,410,180,0.43902439024390244
172,1305031458.527737.png,1305031458.559628.png,545,574,545,376,0.689908256880734
173,1305031458.559628.png,1305031458.591641.png,574,629,574,317,0.5522648083623694
174,1305031458.591641.png,1305031458.627659.png,629,503,629,269,0.4276629570747218
175,1305031458.627659.png,1305031458.659623.png,503,401,503,186,0.3697813121272366
176,1305031458.659623.png,1305031458.691674.png,401,385,401,246,0.6134663341645885
177,1305031458.691674.png,1305031458.727650.png,385,464,385,166,0.43116883116883115
178,1305031458.727650.png,1305031458.759945.png,464,447,464,283,0.6099137931034483
179,1305031458.759945.png,1305031458.791632.png,447,380,447,196,0.43847874720357943
180,1305031458.791632.png,1305031458.827564.png,380,524,380,287,0.7552631578947369
181,1305031458.827564.png,1305031458.859887.png,524,573,524,272,0.5190839694656488
182,1305031458.859887.png,1305031458.891665.png,573,722,573,385,0.6719022687609075
183,1305031458.891665.png,1305031458.927621.png,722,540,722,418,0.5789473684210527
184,1305031458.927621.png,1305031458.959617.png,540,645,540,389,0.7203703703703703
185,1305031458.959617.png,1305031458.991647.png,645,437,645,247,0.3829457364341085
186,1305031458.991647.png,1305031459.027665.png,437,445,437,187,0.4279176201372998
187,1305031459.027665.png,1305031459.059631.png,445,398,445,265,0.5955056179775281
188,1305031459.059631.png,1305031459.091650.png,398,328,398,261,0.6557788944723618
189,1305031459.091650.png,1305031459.127618.png,328,352,328,218,0.6646341463414634
190,1305031459.127618.png,1305031459.159639.png,352,408,352,245,0.6960227272727273
191,1305031459.159639.png,1305031459.191674.png,408,527,408,301,0.7377450980392157
192,1305031459.191674.png,1305031459.227607.png,527,567,527,369,0.7001897533206831
193,1305031459.227607.png,1305031459.259760.png,567,547,567,368,0.6490299823633157
194,1305031459.259760.png,1305031459.291690.png,547,512,547,308,0.5630712979890311
195,1305031459.291690.png,1305031459.327632.png,512,486,512,323,0.630859375
196,1305031459.327632.png,1305031459.359651.png,486,458,486,294,0.6049382716049383
197,1305031459.359651.png,1305031459.391667.png,458,356,458,122,0.2663755458515284
198,1305031459.391667.png,1305031459.427646.png,356,383,356,126,0.3539325842696629
199,1305031459.427646.png,1305031459.459679.png,383,397,383,183,0.47780678851174935
200,1305031459.459679.png,1305031459.491555.png,397,316,397,88,0.2216624685138539
201,1305031459.491555.png,1305031459.527594.png,316,344,316,152,0.4810126582278481
202,1305031459.527594.png,1305031459.559647.png,344,439,344,174,0.5058139534883721
203,1305031459.559647.png,1305031459.591695.png,439,446,439,274,0.6241457858769932
204,1305031459.591695.png,1305031459.627608.png,446,681,446,270,0.6053811659192825
205,1305031459.627608.png,1305031459.659641.png,681,555,681,411,0.6035242290748899
206,1305031459.659641.png,1305031459.691604.png,555,528,555,350,0.6306306306306306
207,1305031459.691604.png,1305031459.727551.png,528,750,528,383,0.7253787878787878
208,1305031459.727551.png,1305031459.759635.png,750,636,750,492,0.656
209,1305031459.759635.png,1305031459.791650.png,636,627,636,473,0.7437106918238994
210,1305031459.791650.png,1305031459.827664.png,627,566,627,456,0.7272727272727273
211,1305031459.827664.png,1305031459.859660.png,566,411,566,335,0.5918727915194346
212,1305031459.859660.png,1305031459.891596.png,411,555,411,300,0.7299270072992701
213,1305031459.891596.png,1305031459.927607.png,555,607,555,451,0.8126126126126126
214,1305031459.927607.png,1305031459.959650.png,607,594,607,470,0.7742998352553542
215,1305031459.959650.png,1305031459.991725.png,594,633,594,462,0.7777777777777778
216,1305031459.991725.png,1305031460.027565.png,633,664,633,488,0.7709320695102686
217,1305031460.027565.png,1305031460.059659.png,664,594,664,480,0.7228915662650602
218,1305031460.059659.png,1305031460.091717.png,594,501,594,402,0.6767676767676768
219,1305031460.091717.png,1305031460.127690.png,501,454,501,344,0.6866267465069861
220,1305031460.127690.png,1305031460.159678.png,454,511,454,281,0.6189427312775331
221,1305031460.159678.png,1305031460.191559.png,511,644,511,363,0.7103718199608611
222,1305031460.191559.png,1305031460.227761.png,644,550,644,449,0.6972049689440993
223,1305031460.227761.png,1305031460.259667.png,550,497,550,375,0.6818181818181818
224,1305031460.259667.png,1305031460.291689.png,497,525,497,390,0.7847082494969819
225,1305031460.291689.png,1305031460.327512.png,525,582,525,401,0.7638095238095238
226,1305031460.327512.png,1305031460.359630.png,582,604,582,406,0.697594501718213
227,1305031460.359630.png,1305031460.391611.png,604,558,604,435,0.7201986754966887
228,1305031460.391611.png,1305031460.427477.png,558,550,558,435,0.7795698924731183
229,1305031460.427477.png,1305031460.459620.png,550,499,550,378,0.6872727272727273
230,1305031460.459620.png,1305031460.491504.png,499,449,499,298,0.5971943887775552
231,1305031460.491504.png,1305031460.527570.png,449,526,449,388,0.8641425389755011
232,1305031460.527570.png,1305031460.559647.png,526,574,526,387,0.7357414448669202
233,1305031460.559647.png,1305031460.591855.png,574,635,574,459,0.7996515679442509
234,1305031460.591855.png,1305031460.627625.png,635,592,635,475,0.7480314960629921
235,1305031460.627625.png,1305031460.659764.png,592,747,592,476,0.8040540540540541
236,1305031460.659764.png,1305031460.691671.png,747,725,747,569,0.7617135207496654
237,1305031460.691671.png,1305031460.727675.png,725,771,725,599,0.8262068965517242
238,1305031460.727675.png,1305031460.759667.png,771,784,771,600,0.7782101167315175
239,1305031460.759667.png,1305031460.791660.png,784,770,784,605,0.7716836734693877
240,1305031460.791660.png,1305031460.827660.png,770,774,770,586,0.7610389610389611
241,1305031460.827660.png,1305031460.859714.png,774,756,774,620,0.8010335917312662
242,1305031460.859714.png,1305031460.891774.png,756,808,756,592,0.783068783068783
243,1305031460.891774.png,1305031460.927562.png,808,778,808,623,0.7710396039603961
244,1305031460.927562.png,1305031460.959649.png,778,751,778,557,0.7159383033419023
245,1305031460.959649.png,1305031460.991668.png,751,672,751,497,0.6617842876165113
246,1305031460.991668.png,1305031461.027620.png,672,581,672,469,0.6979166666666666
247,1305031461.027620.png,1305031461.059662.png,581,730,581,449,0.7728055077452668
248,1305031461.059662.png,1305031461.091728.png,730,749,730,560,0.7671232876712328
249,1305031461.091728.png,1305031461.127586.png,749,732,749,566,0.7556742323097463
250,1305031461.127586.png,1305031461.159720.png,732,630,732,511,0.6980874316939891
251,1305031461.159720.png,1305031461.192013.png,630,807,630,521,0.8269841269841269
252,1305031461.192013.png,1305031461.227607.png,807,838,807,656,0.8128872366790583
253,1305031461.227607.png,1305031461.259642.png,838,697,838,594,0.7088305489260143
254,1305031461.259642.png,1305031461.291656.png,697,749,697,554,0.7948350071736011
255,1305031461.291656.png,1305031461.327751.png,749,826,749,577,0.7703604806408545
256,1305031461.327751.png,1305031461.359709.png,826,750,826,618,0.7481840193704601
257,1305031461.359709.png,1305031461.391708.png,750,847,750,574,0.7653333333333333
258,1305031461.391708.png,1305031461.427624.png,847,895,847,657,0.7756788665879575
259,1305031461.427624.png,1305031461.459781.png,895,757,895,627,0.7005586592178771
260,1305031461.459781.png,1305031461.491677.png,757,599,757,460,0.607661822985469
261,1305031461.491677.png,1305031461.527705.png,599,872,599,445,0.7429048414023373
262,1305031461.527705.png,1305031461.559677.png,872,728,872,555,0.6364678899082569
263,1305031461.559677.png,1305031461.591690.png,728,759,728,547,0.7513736263736264
264,1305031461.591690.png,1305031461.627541.png,759,808,759,637,0.839262187088274
265,1305031461.627541.png,1305031461.659622.png,808,862,808,629,0.7784653465346535
266,1305031461.659622.png,1305031461.691563.png,862,801,862,590,0.6844547563805105
267,1305031461.691563.png,1305031461.727602.png,801,867,801,624,0.7790262172284644
268,1305031461.727602.png,1305031461.759684.png,867,766,867,629,0.7254901960784313
269,1305031461.759684.png,1305031461.791612.png,766,726,766,560,0.7310704960835509
270,1305031461.791612.png,1305031461.827615.png,726,679,726,564,0.7768595041322314
271,1305031461.827615.png,1305031461.859767.png,679,546,679,391,0.5758468335787923
272,1305031461.859767.png,1305031461.891723.png,546,410,546,275,0.5036630036630036
273,1305031461.891723.png,1305031461.927758.png,410,459,410,206,0.5024390243902439
274,1305031461.927758.png,1305031461.959703.png,459,435,459,234,0.5098039215686274
275,1305031461.959703.png,1305031461.991590.png,435,310,435,105,0.2413793103448276
276,1305031461.991590.png,1305031462.027675.png,310,348,310,147,0.47419354838709676
277,1305031462.027675.png,1305031462.059837.png,348,361,348,221,0.6350574712643678
278,1305031462.059837.png,1305031462.091777.png,361,351,361,219,0.6066481994459834
279,1305031462.091777.png,1305031462.127739.png,351,372,351,258,0.7350427350427351
280,1305031462.127739.png,1305031462.159646.png,372,475,372,245,0.6586021505376344
281,1305031462.159646.png,1305031462.191641.png,475,446,475,315,0.6631578947368421
282,1305031462.191641.png,1305031462.227633.png,446,377,446,281,0.6300448430493274
283,1305031462.227633.png,1305031462.259765.png,377,385,377,239,0.6339522546419099
284,1305031462.259765.png,1305031462.291629.png,385,383,385,291,0.7558441558441559
285,1305031462.291629.png,1305031462.327540.png,383,391,383,279,0.7284595300261096
286,1305031462.327540.png,1305031462.359732.png,391,306,391,209,0.5345268542199488
287,1305031462.359732.png,1305031462.391695.png,306,285,306,171,0.5588235294117647
288,1305031462.391695.png,1305031462.427635.png,285,316,285,180,0.631578947368421
289,1305031462.427635.png,1305031462.459897.png,316,252,316,147,0.4651898734177215
290,1305031462.459897.png,1305031462.492008.png,252,289,252,148,0.5873015873015873
291,1305031462.492008.png,1305031462.527670.png,289,275,289,139,0.4809688581314879
292,1305031462.527670.png,1305031462.559862.png,275,360,275,174,0.6327272727272727
293,1305031462.559862.png,1305031462.591862.png,360,401,360,237,0.6583333333333333
294,1305031462.591862.png,1305031462.627851.png,401,439,401,286,0.713216957605985
295,1305031462.627851.png,1305031462.659660.png,439,452,439,327,0.744874715261959
296,1305031462.659660.png,1305031462.692548.png,452,401,452,307,0.6792035398230089
297,1305031462.692548.png,1305031462.727652.png,401,399,401,276,0.6882793017456359
298,1305031462.727652.png,1305031462.759782.png,399,429,399,291,0.7293233082706767
299,1305031462.759782.png,1305031462.791943.png,429,428,429,284,0.662004662004662
300,1305031462.791943.png,1305031462.827816.png,428,374,428,232,0.5420560747663551
301,1305031462.827816.png,1305031462.859782.png,374,442,374,223,0.5962566844919787
302,1305031462.859782.png,1305031462.891847.png,442,460,442,278,0.6289592760180995
303,1305031462.891847.png,1305031462.927607.png,460,503,460,291,0.6326086956521739
304,1305031462.927607.png,1305031462.959676.png,503,511,503,321,0.6381709741550696
305,1305031462.959676.png,1305031462.995550.png,511,417,511,283,0.5538160469667319
306,1305031462.995550.png,1305031463.027667.png,417,449,417,276,0.6618705035971223
307,1305031463.027667.png,1305031463.059810.png,449,493,449,261,0.5812917594654788
308,1305031463.059810.png,1305031463.095809.png,493,436,493,326,0.6612576064908722
309,1305031463.095809.png,1305031463.127550.png,436,384,436,242,0.555045871559633
310,1305031463.127550.png,1305031463.159787.png,384,502,384,240,0.625
311,1305031463.159787.png,1305031463.195657.png,502,505,502,340,0.6772908366533864
312,1305031463.195657.png,1305031463.227784.png,505,421,505,311,0.6158415841584158
313,1305031463.227784.png,1305031463.260034.png,421,408,421,273,0.6484560570071259
314,1305031463.260034.png,1305031463.295737.png,408,520,408,292,0.7156862745098039
315,1305031463.295737.png,1305031463.327739.png,520,497,520,405,0.7788461538461539
316,1305031463.327739.png,1305031463.359750.png,497,439,497,334,0.6720321931589537
317,1305031463.359750.png,1305031463.395630.png,439,543,439,320,0.7289293849658315
318,1305031463.395630.png,1305031463.427716.png,543,534,543,412,0.7587476979742173
319,1305031463.427716.png,1305031463.459756.png,534,478,534,371,0.6947565543071161
320,1305031463.459756.png,1305031463.495629.png,478,424,478,355,0.7426778242677824
321,1305031463.495629.png,1305031463.527670.png,424,369,424,279,0.6580188679245284
322,1305031463.527670.png,1305031463.559751.png,369,485,369,261,0.7073170731707317
323,1305031463.559751.png,1305031463.595600.png,485,569,485,395,0.8144329896907216
324,1305031463.595600.png,1305031463.627588.png,569,351,569,258,0.45342706502636204
325,1305031463.627588.png,1305031463.659766.png,351,380,351,259,0.7378917378917379
326,1305031463.659766.png,1305031463.695640.png,380,622,380,222,0.5842105263157895
327,1305031463.695640.png,1305031463.727588.png,622,428,622,299,0.4807073954983923
328,1305031463.727588.png,1305031463.759674.png,428,387,428,195,0.45560747663551404
329,1305031463.759674.png,1305031463.795647.png,387,486,387,241,0.6227390180878553
330,1305031463.795647.png,1305031463.827761.png,486,511,486,366,0.7530864197530864
331,1305031463.827761.png,1305031463.859910.png,511,450,511,275,0.538160469667319
332,1305031463.859910.png,1305031463.895648.png,450,566,450,304,0.6755555555555556
333,1305031463.895648.png,1305031463.927664.png,566,676,566,447,0.7897526501766784
334,1305031463.927664.png,1305031463.959680.png,676,568,676,421,0.6227810650887574
335,1305031463.959680.png,1305031463.995821.png,568,585,568,404,0.7112676056338029
336,1305031463.995821.png,1305031464.027703.png,585,714,585,429,0.7333333333333333
337,1305031464.027703.png,1305031464.059652.png,714,526,714,396,0.5546218487394958
338,1305031464.059652.png,1305031464.095634.png,526,597,526,360,0.6844106463878327
339,1305031464.095634.png,1305031464.127681.png,597,726,597,428,0.7169179229480737
340,1305031464.127681.png,1305031464.159817.png,726,514,726,367,0.5055096418732782
341,1305031464.159817.png,1305031464.195585.png,514,472,514,313,0.6089494163424124
342,1305031464.195585.png,1305031464.227624.png,472,493,472,294,0.6228813559322034
343,1305031464.227624.png,1305031464.259644.png,493,495,493,312,0.6328600405679513
344,1305031464.259644.png,1305031464.295667.png,495,565,495,410,0.8282828282828283
345,1305031464.295667.png,1305031464.327866.png,565,663,565,448,0.7929203539823009
346,1305031464.327866.png,1305031464.359684.png,663,641,663,437,0.6591251885369532
347,1305031464.359684.png,1305031464.395611.png,641,701,641,380,0.592823712948518
348,1305031464.395611.png,1305031464.427634.png,701,777,701,474,0.6761768901569187
349,1305031464.427634.png,1305031464.459689.png,777,741,777,550,0.7078507078507078
350,1305031464.459689.png,1305031464.495633.png,741,736,741,529,0.7139001349527665
351,1305031464.495633.png,1305031464.527574.png,736,856,736,575,0.78125
352,1305031464.527574.png,1305031464.559703.png,856,709,856,558,0.6518691588785047
353,1305031464.559703.png,1305031464.595698.png,709,430,709,235,0.3314527503526093
354,1305031464.595698.png,1305031464.627672.png,430,354,430,272,0.6325581395348837
355,1305031464.627672.png,1305031464.659749.png,354,382,354,233,0.6581920903954802
356,1305031464.659749.png,1305031464.695663.png,382,360,382,131,0.34293193717277487
357,1305031464.695663.png,1305031464.727652.png,360,415,360,155,0.4305555555555556
358,1305031464.727652.png,1305031464.759740.png,415,584,415,169,0.4072289156626506
359,1305031464.759740.png,1305031464.796021.png,584,513,584,275,0.4708904109589041
360,1305031464.796021.png,1305031464.827759.png,513,421,513,262,0.5107212475633528
361,1305031464.827759.png,1305031464.859654.png,421,524,421,218,0.517814726840855
362,1305031464.859654.png,1305031464.895817.png,524,453,524,348,0.6641221374045801
363,1305031464.895817.png,1305031464.927799.png,453,609,453,274,0.6048565121412803
364,1305031464.927799.png,1305031464.959763.png,609,687,609,354,0.5812807881773399
365,1305031464.959763.png,1305031464.995687.png,687,702,687,522,0.759825327510917
366,1305031464.995687.png,1305031465.027823.png,702,730,702,484,0.6894586894586895
367,1305031465.027823.png,1305031465.059749.png,730,728,730,412,0.5643835616438356
368,1305031465.059749.png,1305031465.095700.png,728,416,728,130,0.17857142857142858
369,1305031465.095700.png,1305031465.127664.png,416,412,416,217,0.5216346153846154
370,1305031465.127664.png,1305031465.159842.png,412,429,412,201,0.4878640776699029
371,1305031465.159842.png,1305031465.195564.png,429,465,429,239,0.5571095571095571
372,1305031465.195564.png,1305031465.227907.png,465,485,465,259,0.556989247311828
373,1305031465.227907.png,1305031465.259807.png,485,557,485,211,0.4350515463917526
374,1305031465.259807.png,1305031465.295623.png,557,521,557,278,0.4991023339317774
375,1305031465.295623.png,1305031465.327674.png,521,467,521,249,0.4779270633397313
376,1305031465.327674.png,1305031465.359948.png,467,504,467,220,0.47109207708779444
377,1305031465.359948.png,1305031465.395586.png,504,647,504,325,0.6448412698412699
378,1305031465.395586.png,1305031465.427697.png,647,788,647,456,0.7047913446676971
379,1305031465.427697.png,1305031465.460125.png,788,749,788,476,0.6040609137055838
380,1305031465.460125.png,1305031465.495703.png,749,683,749,352,0.4699599465954606
381,1305031465.495703.png,1305031465.527622.png,683,958,683,373,0.5461200585651538
382,1305031465.527622.png,1305031465.559812.png,958,875,958,630,0.6576200417536534
383,1305031465.559812.png,1305031465.595599.png,875,804,875,569,0.6502857142857142
384,1305031465.595599.png,1305031465.627688.png,804,857,804,560,0.6965174129353234
385,1305031465.627688.png,1305031465.660060.png,857,841,857,587,0.6849474912485414
386,1305031465.660060.png,1305031465.695668.png,841,780,841,584,0.6944114149821641
387,1305031465.695668.png,1305031465.727682.png,780,765,780,523,0.6705128205128205
388,1305031465.727682.png,1305031465.759766.png,765,774,765,519,0.6784313725490196
389,1305031465.759766.png,1305031465.795937.png,774,748,774,519,0.6705426356589147
390,1305031465.795937.png,1305031465.827996.png,748,597,748,383,0.5120320855614974
391,1305031465.827996.png,1305031465.859861.png,597,587,597,308,0.5159128978224455
392,1305031465.859861.png,1305031465.895494.png,587,573,587,340,0.5792163543441227
393,1305031465.895494.png,1305031465.927495.png,573,468,573,259,0.45200698080279234
394,1305031465.927495.png,1305031465.959710.png,468,498,468,264,0.5641025641025641
395,1305031465.959710.png,1305031465.995753.png,498,676,498,302,0.606425702811245
396,1305031465.995753.png,1305031466.027644.png,676,701,676,408,0.6035502958579881
397,1305031466.027644.png,1305031466.059757.png,701,517,701,286,0.4079885877318117
398,1305031466.059757.png,1305031466.095840.png,517,546,517,290,0.5609284332688588
399,1305031466.095840.png,1305031466.127640.png,546,523,546,360,0.6593406593406593
400,1305031466.127640.png,1305031466.160428.png,523,514,523,305,0.5831739961759083
401,1305031466.160428.png,1305031466.195833.png,514,455,514,261,0.5077821011673151
402,1305031466.195833.png,1305031466.227951.png,455,489,455,214,0.4703296703296703
403,1305031466.227951.png,1305031466.259815.png,489,753,489,210,0.4294478527607362
404,1305031466.259815.png,1305031466.295737.png,753,631,753,488,0.648074369189907
405,1305031466.295737.png,1305031466.327702.png,631,605,631,397,0.6291600633914421
406,1305031466.327702.png,1305031466.359829.png,605,627,605,452,0.7471074380165289
407,1305031466.359829.png,1305031466.395784.png,627,686,627,371,0.5917065390749602
408,1305031466.395784.png,1305031466.427819.png,686,793,686,493,0.7186588921282799
409,1305031466.427819.png,1305031466.459790.png,793,664,793,509,0.6418663303909206
410,1305031466.459790.png,1305031466.495809.png,664,667,664,416,0.6265060240963856
411,1305031466.495809.png,1305031466.527538.png,667,626,667,410,0.6146926536731634
412,1305031466.527538.png,1305031466.560353.png,626,462,626,335,0.5351437699680511
413,1305031466.560353.png,1305031466.595936.png,462,437,462,218,0.47186147186147187
414,1305031466.595936.png,1305031466.627549.png,437,483,437,136,0.3112128146453089
415,1305031466.627549.png,1305031466.659688.png,483,611,483,344,0.7122153209109731
416,1305031466.659688.png,1305031466.695822.png,611,482,611,256,0.41898527004909986
417,1305031466.695822.png,1305031466.728074.png,482,629,482,324,0.6721991701244814
418,1305031466.728074.png,1305031466.759637.png,629,475,629,243,0.3863275039745628
419,1305031466.759637.png,1305031466.795604.png,475,717,475,336,0.7073684210526315
420,1305031466.795604.png,1305031466.827879.png,717,542,717,434,0.6052998605299861
421,1305031466.827879.png,1305031466.859665.png,542,708,542,408,0.7527675276752768
422,1305031466.859665.png,1305031466.895694.png,708,489,708,412,0.5819209039548022
423,1305031466.895694.png,1305031466.927756.png,489,517,489,388,0.7934560327198364
424,1305031466.927756.png,1305031466.959728.png,517,665,517,369,0.7137330754352031
425,1305031466.959728.png,1305031466.995712.png,665,713,665,515,0.7744360902255639
426,1305031466.995712.png,1305031467.027843.png,713,714,713,511,0.7166900420757363
427,1305031467.027843.png,1305031467.059700.png,714,646,714,480,0.6722689075630253
428,1305031467.059700.png,1305031467.095687.png,646,587,646,441,0.6826625386996904
429,1305031467.095687.png,1305031467.128974.png,587,630,587,387,0.6592844974446337
430,1305031467.128974.png,1305031467.159660.png,630,690,630,462,0.7333333333333333
431,1305031467.159660.png,1305031467.195663.png,690,671,690,482,0.6985507246376812
432,1305031467.195663.png,1305031467.227704.png,671,665,671,496,0.7391952309985097
433,1305031467.227704.png,1305031467.259694.png,665,656,665,476,0.7157894736842105
434,1305031467.259694.png,1305031467.295846.png,656,626,656,458,0.698170731707317
435,1305031467.295846.png,1305031467.328008.png,626,654,626,467,0.7460063897763578
436,1305031467.328008.png,1305031467.359654.png,654,447,654,347,0.5305810397553516
437,1305031467.359654.png,1305031467.395756.png,447,502,447,308,0.6890380313199105
438,1305031467.395756.png,1305031467.427783.png,502,675,502,325,0.647410358565737
439,1305031467.427783.png,1305031467.459692.png,675,588,675,430,0.6370370370370371
440,1305031467.459692.png,1305031467.496058.png,588,353,588,247,0.4200680272108844
441,1305031467.496058.png,1305031467.527663.png,353,560,353,240,0.6798866855524079
442,1305031467.527663.png,1305031467.559763.png,560,681,560,402,0.7178571428571429
443,1305031467.559763.png,1305031467.595989.png,681,692,681,457,0.671071953010279
444,1305031467.595989.png,1305031467.627532.png,692,469,692,319,0.46098265895953755
445,1305031467.627532.png,1305031467.659626.png,469,480,469,276,0.5884861407249466
446,1305031467.659626.png,1305031467.695886.png,480,746,480,312,0.65
447,1305031467.695886.png,1305031467.727535.png,746,502,746,398,0.5335120643431636
448,1305031467.727535.png,1305031467.759907.png,502,525,502,342,0.6812749003984063
449,1305031467.759907.png,1305031467.796075.png,525,628,525,321,0.6114285714285714
450,1305031467.796075.png,1305031467.827800.png,628,376,628,251,0.3996815286624204
451,1305031467.827800.png,1305031467.859729.png,376,352,376,206,0.5478723404255319
452,1305031467.859729.png,1305031467.895947.png,352,508,352,197,0.5596590909090909
453,1305031467.895947.png,1305031467.927754.png,508,461,508,308,0.6062992125984252
454,1305031467.927754.png,1305031467.959826.png,461,343,461,241,0.5227765726681128
455,1305031467.959826.png,1305031467.995754.png,343,638,343,207,0.6034985422740525
456,1305031467.995754.png,1305031468.028107.png,638,551,638,460,0.7210031347962382
457,1305031468.028107.png,1305031468.059850.png,551,373,551,281,0.5099818511796733
458,1305031468.059850.png,1305031468.095867.png,373,670,373,282,0.7560321715817694
459,1305031468.095867.png,1305031468.127816.png,670,601,670,492,0.7343283582089553
460,1305031468.127816.png,1305031468.159864.png,601,595,601,448,0.7454242928452579
461,1305031468.159864.png,1305031468.195985.png,595,633,595,448,0.7529411764705882
462,1305031468.195985.png,1305031468.228158.png,633,578,633,428,0.6761453396524486
463,1305031468.228158.png,1305031468.259754.png,578,558,578,439,0.759515570934256
464,1305031468.259754.png,1305031468.295830.png,558,548,558,398,0.7132616487455197
465,1305031468.295830.png,1305031468.327847.png,548,364,548,265,0.4835766423357664
466,1305031468.327847.png,1305031468.359787.png,364,542,364,265,0.728021978021978
467,1305031468.359787.png,1305031468.395860.png,542,665,542,397,0.7324723247232472
468,1305031468.395860.png,1305031468.428025.png,665,578,665,382,0.5744360902255639
469,1305031468.428025.png,1305031468.459759.png,578,673,578,402,0.6955017301038062
470,1305031468.459759.png,1305031468.495809.png,673,608,673,427,0.6344725111441307
471,1305031468.495809.png,1305031468.527756.png,608,461,608,283,0.4654605263157895
472,1305031468.527756.png,1305031468.559739.png,461,394,461,263,0.5704989154013015
473,1305031468.559739.png,1305031468.595768.png,394,762,394,280,0.7106598984771574
474,1305031468.595768.png,1305031468.627626.png,762,689,762,473,0.6207349081364829
475,1305031468.627626.png,1305031468.659579.png,689,446,689,253,0.3671988388969521
476,1305031468.659579.png,1305031468.695835.png,446,386,446,257,0.5762331838565022
477,1305031468.695835.png,1305031468.727785.png,386,504,386,243,0.6295336787564767
478,1305031468.727785.png,1305031468.759628.png,504,586,504,350,0.6944444444444444
479,1305031468.759628.png,1305031468.795796.png,586,391,586,252,0.4300341296928328
480,1305031468.795796.png,1305031468.829247.png,391,479,391,243,0.6214833759590793
481,1305031468.829247.png,1305031468.859659.png,479,798,479,299,0.6242171189979123
482,1305031468.859659.png,1305031468.895873.png,798,759,798,556,0.6967418546365914
483,1305031468.895873.png,1305031468.928141.png,759,725,759,539,0.7101449275362319
484,1305031468.928141.png,1305031468.959594.png,725,517,725,373,0.5144827586206897
485,1305031468.959594.png,1305031468.995711.png,517,347,517,117,0.2263056092843327
486,1305031468.995711.png,1305031469.027699.png,347,390,347,198,0.5706051873198847
487,1305031469.027699.png,1305031469.059832.png,390,475,390,201,0.5153846153846153
488,1305031469.059832.png,1305031469.095723.png,475,389,475,201,0.4231578947368421
489,1305031469.095723.png,1305031469.127679.png,389,391,389,198,0.5089974293059126
490,1305031469.127679.png,1305031469.159703.png,391,412,391,253,0.6470588235294118
491,1305031469.159703.png,1305031469.195540.png,412,550,412,253,0.6140776699029126
492,1305031469.195540.png,1305031469.227754.png,550,680,550,372,0.6763636363636364
493,1305031469.227754.png,1305031469.259586.png,680,588,680,515,0.7573529411764706
494,1305031469.259586.png,1305031469.296754.png,588,569,588,487,0.8282312925170068
495,1305031469.296754.png,1305031469.327618.png,569,489,569,398,0.6994727592267135
496,1305031469.327618.png,1305031469.359592.png,489,407,489,254,0.5194274028629857
497,1305031469.359592.png,1305031469.395695.png,407,419,407,270,0.6633906633906634
498,1305031469.395695.png,1305031469.427651.png,419,426,419,318,0.7589498806682577
499,1305031469.427651.png,1305031469.459668.png,426,504,426,325,0.7629107981220657
500,1305031469.459668.png,1305031469.495744.png,504,593,504,377,0.748015873015873
501,1305031469.495744.png,1305031469.527622.png,593,421,593,386,0.6509274873524452
502,1305031469.527622.png,1305031469.559645.png,421,398,421,312,0.7410926365795725
503,1305031469.559645.png,1305031469.595755.png,398,300,398,227,0.5703517587939698
504,1305031469.595755.png,1305031469.627752.png,300,341,300,185,0.6166666666666667
505,1305031469.627752.png,1305031469.659590.png,341,486,341,239,0.7008797653958945
506,1305031469.659590.png,1305031469.695613.png,486,394,486,312,0.6419753086419753
507,1305031469.695613.png,1305031469.727679.png,394,409,394,293,0.7436548223350253
508,1305031469.727679.png,1305031469.759599.png,409,332,409,238,0.5819070904645477
509,1305031469.759599.png,1305031469.795621.png,332,414,332,208,0.6265060240963856
510,1305031469.795621.png,1305031469.827526.png,414,313,414,265,0.6400966183574879
511,1305031469.827526.png,1305031469.859574.png,313,368,313,214,0.6837060702875399
512,1305031469.859574.png,1305031469.895755.png,368,419,368,274,0.7445652173913043
513,1305031469.895755.png,1305031469.927854.png,419,443,419,285,0.6801909307875895
514,1305031469.927854.png,1305031469.959805.png,443,482,443,312,0.7042889390519187
515,1305031469.959805.png,1305031469.995551.png,482,431,482,325,0.6742738589211619
516,1305031469.995551.png,1305031470.027694.png,431,353,431,282,0.654292343387471
517,1305031470.027694.png,1305031470.059638.png,353,457,353,265,0.7507082152974505
518,1305031470.059638.png,1305031470.095944.png,457,418,457,353,0.7724288840262582
519,1305031470.095944.png,1305031470.127633.png,418,364,418,302,0.722488038277512
520,1305031470.127633.png,1305031470.159626.png,364,411,364,277,0.760989010989011
521,1305031470.159626.png,1305031470.196092.png,411,405,411,326,0.7931873479318735
522,1305031470.196092.png,1305031470.227618.png,405,363,405,272,0.671604938271605
523,1305031470.227618.png,1305031470.259965.png,363,344,363,256,0.7052341597796143
524,1305031470.259965.png,1305031470.295718.png,344,326,344,243,0.7063953488372093
525,1305031470.295718.png,1305031470.327644.png,326,342,326,218,0.6687116564417178
526,1305031470.327644.png,1305031470.359624.png,342,365,342,253,0.7397660818713451
527,1305031470.359624.png,1305031470.395823.png,365,378,365,258,0.7068493150684931
528,1305031470.395823.png,1305031470.427641.png,378,405,378,256,0.6772486772486772
529,1305031470.427641.png,1305031470.459721.png,405,431,405,319,0.7876543209876543
530,1305031470.459721.png,1305031470.495686.png,431,437,431,332,0.7703016241299304
531,1305031470.495686.png,1305031470.527689.png,437,436,437,302,0.6910755148741419
532,1305031470.527689.png,1305031470.559677.png,436,450,436,313,0.7178899082568807
533,1305031470.559677.png,1305031470.595760.png,450,470,450,325,0.7222222222222222
534,1305031470.595760.png,1305031470.627729.png,470,442,470,300,0.6382978723404256
535,1305031470.627729.png,1305031470.659690.png,442,427,442,308,0.6968325791855203
536,1305031470.659690.png,1305031470.695630.png,427,394,427,315,0.7377049180327869
537,1305031470.695630.png,1305031470.727654.png,394,452,394,266,0.6751269035532995
538,1305031470.727654.png,1305031470.759682.png,452,462,452,310,0.6858407079646017
539,1305031470.759682.png,1305031470.795615.png,462,471,462,320,0.6926406926406926
540,1305031470.795615.png,1305031470.827831.png,471,398,471,243,0.5159235668789809
541,1305031470.827831.png,1305031470.859645.png,398,399,398,290,0.7286432160804021
542,1305031470.859645.png,1305031470.895722.png,399,407,399,305,0.7644110275689223
543,1305031470.895722.png,1305031470.927684.png,407,414,407,240,0.5896805896805897
544,1305031470.927684.png,1305031470.959647.png,414,351,414,255,0.6159420289855072
545,1305031470.959647.png,1305031470.995996.png,351,412,351,245,0.698005698005698
546,1305031470.995996.png,1305031471.027644.png,412,340,412,232,0.5631067961165048
547,1305031471.027644.png,1305031471.059636.png,340,409,340,231,0.6794117647058824
548,1305031471.059636.png,1305031471.095777.png,409,538,409,289,0.706601466992665
549,1305031471.095777.png,1305031471.127663.png,538,535,538,438,0.8141263940520446
550,1305031471.127663.png,1305031471.159649.png,535,671,535,429,0.8018691588785046
551,1305031471.159649.png,1305031471.195703.png,671,752,671,526,0.7839046199701938
552,1305031471.195703.png,1305031471.227569.png,752,769,752,584,0.776595744680851
553,1305031471.227569.png,1305031471.259722.png,769,786,769,616,0.8010403120936281
554,1305031471.259722.png,1305031471.296068.png,786,756,786,580,0.7379134860050891
555,1305031471.296068.png,1305031471.327642.png,756,685,756,568,0.7513227513227513
556,1305031471.327642.png,1305031471.359615.png,685,709,685,498,0.727007299270073
557,1305031471.359615.png,1305031471.395730.png,709,751,709,477,0.6727785613540197
558,1305031471.395730.png,1305031471.427704.png,751,831,751,571,0.7603195739014648
559,1305031471.427704.png,1305031471.459647.png,831,875,831,651,0.7833935018050542
560,1305031471.459647.png,1305031471.496491.png,875,913,875,728,0.832
561,1305031471.496491.png,1305031471.527624.png,913,939,913,730,0.7995618838992333
562,1305031471.527624.png,1305031471.559671.png,939,943,939,736,0.7838125665601704
563,1305031471.559671.png,1305031471.595702.png,943,919,943,736,0.7804878048780488
564,1305031471.595702.png,1305031471.627621.png,919,940,919,736,0.8008705114254625
565,1305031471.627621.png,1305031471.659642.png,940,902,940,719,0.7648936170212766
566,1305031471.659642.png,1305031471.695609.png,902,993,902,765,0.8481152993348116
567,1305031471.695609.png,1305031471.727501.png,993,969,993,756,0.7613293051359517
568,1305031471.727501.png,1305031471.759702.png,969,875,969,727,0.7502579979360166
569,1305031471.759702.png,1305031471.795801.png,875,881,875,719,0.8217142857142857
570,1305031471.795801.png,1305031471.827639.png,881,872,881,599,0.6799091940976163
571,1305031471.827639.png,1305031471.859665.png,872,931,872,682,0.7821100917431193
572,1305031471.859665.png,1305031471.895604.png,931,769,931,640,0.6874328678839957
573,1305031471.895604.png,1305031471.927651.png,769,801,769,554,0.7204161248374512
574,1305031471.927651.png,1305031471.959643.png,801,771,801,531,0.6629213483146067
575,1305031471.959643.png,1305031471.995573.png,771,679,771,457,0.5927367055771725
576,1305031471.995573.png,1305031472.027638.png,679,760,679,430,0.6332842415316642
577,1305031472.027638.png,1305031472.059668.png,760,953,760,505,0.6644736842105263
578,1305031472.059668.png,1305031472.095601.png,953,850,953,679,0.7124868835257083
579,1305031472.095601.png,1305031472.127594.png,850,716,850,449,0.528235294117647
580,1305031472.127594.png,1305031472.159645.png,716,969,716,486,0.6787709497206704
581,1305031472.159645.png,1305031472.195682.png,969,952,969,741,0.7647058823529411
582,1305031472.195682.png,1305031472.227626.png,952,1031,952,695,0.7300420168067226
583,1305031472.227626.png,1305031472.263840.png,1031,824,1031,631,0.612027158098933
584,1305031472.263840.png,1305031472.295671.png,824,778,824,563,0.683252427184466
585,1305031472.295671.png,1305031472.327678.png,778,1014,778,526,0.6760925449871465
586,1305031472.327678.png,1305031472.363577.png,1014,1036,1014,834,0.8224852071005917
587,1305031472.363577.png,1305031472.395599.png,1036,951,1036,801,0.7731660231660231
588,1305031472.395599.png,1305031472.427686.png,951,962,951,729,0.7665615141955836
589,1305031472.427686.png,1305031472.463603.png,962,1030,962,744,0.7733887733887734
590,1305031472.463603.png,1305031472.495626.png,1030,1026,1030,759,0.7368932038834951
591,1305031472.495626.png,1305031472.527625.png,1026,913,1026,699,0.6812865497076024
592,1305031472.527625.png,1305031472.563587.png,913,791,913,569,0.6232201533406353
593,1305031472.563587.png,1305031472.595675.png,791,1077,791,530,0.6700379266750948
594,1305031472.595675.png,1305031472.627701.png,1077,1065,1077,904,0.8393686165273909
595,1305031472.627701.png,1305031472.663575.png,1065,1044,1065,820,0.7699530516431925
596,1305031472.663575.png,1305031472.695755.png,1044,1027,1044,822,0.7873563218390804
597,1305031472.695755.png,1305031472.727628.png,1027,1024,1027,797,0.7760467380720545
598,1305031472.727628.png,1305031472.763578.png,1024,1065,1024,828,0.80859375
599,1305031472.763578.png,1305031472.795640.png,1065,1015,1065,789,0.7408450704225352
600,1305031472.795640.png,1305031472.827627.png,1015,1088,1015,812,0.8
601,1305031472.827627.png,1305031472.863598.png,1088,1137,1088,842,0.7738970588235294
602,1305031472.863598.png,1305031472.895713.png,1137,1123,1137,925,0.8135444151275286
603,1305031472.895713.png,1305031472.927685.png,1123,1149,1123,925,0.8236865538735529
604,1305031472.927685.png,1305031472.963756.png,1149,1158,1149,933,0.8120104438642297
605,1305031472.963756.png,1305031472.995704.png,1158,1158,1158,952,0.8221070811744386
606,1305031472.995704.png,1305031473.027638.png,1158,1152,1158,950,0.8203799654576857
607,1305031473.027638.png,1305031473.063684.png,1152,1147,1152,945,0.8203125
608,1305031473.063684.png,1305031473.095695.png,1147,1130,1147,946,0.8247602441150829
609,1305031473.095695.png,1305031473.127744.png,1130,1146,1130,939,0.8309734513274336
610,1305031473.127744.png,1305031473.167060.png,1146,1168,1146,916,0.7993019197207679
611,1305031473.167060.png,1305031473.196069.png,1168,1171,1168,960,0.821917808219178
